[{"model": "admin.logentry", "pk": 2, "fields": {"action_time": "2021-12-06T07:06:56.565Z", "user": 2, "content_type": 6, "object_id": "2", "object_repr": "oybek", "action_flag": 2, "change_message": "[{\"changed\": {\"fields\": [\"Phone number\"]}}]"}}, {"model": "admin.logentry", "pk": 3, "fields": {"action_time": "2021-12-06T07:18:43.686Z", "user": 2, "content_type": 7, "object_id": "1", "object_repr": "Shirts", "action_flag": 1, "change_message": "[{\"added\": {}}]"}}, {"model": "admin.logentry", "pk": 4, "fields": {"action_time": "2021-12-06T07:30:43.798Z", "user": 2, "content_type": 7, "object_id": "2", "object_repr": "Jackets", "action_flag": 1, "change_message": "[{\"added\": {}}]"}}, {"model": "admin.logentry", "pk": 5, "fields": {"action_time": "2021-12-06T07:31:06.340Z", "user": 2, "content_type": 7, "object_id": "3", "object_repr": "Jeans", "action_flag": 1, "change_message": "[{\"added\": {}}]"}}, {"model": "admin.logentry", "pk": 6, "fields": {"action_time": "2021-12-06T07:31:18.454Z", "user": 2, "content_type": 7, "object_id": "4", "object_repr": "Shoes", "action_flag": 1, "change_message": "[{\"added\": {}}]"}}, {"model": "admin.logentry", "pk": 7, "fields": {"action_time": "2021-12-06T07:31:31.179Z", "user": 2, "content_type": 7, "object_id": "5", "object_repr": "T shirts", "action_flag": 1, "change_message": "[{\"added\": {}}]"}}, {"model": "admin.logentry", "pk": 8, "fields": {"action_time": "2021-12-06T07:56:58.727Z", "user": 2, "content_type": 8, "object_id": "1", "object_repr": "ATX-Jeans", "action_flag": 1, "change_message": "[{\"added\": {}}]"}}, {"model": "admin.logentry", "pk": 9, "fields": {"action_time": "2021-12-06T08:47:57.810Z", "user": 2, "content_type": 8, "object_id": "2", "object_repr": "Blue Shirt", "action_flag": 1, "change_message": "[{\"added\": {}}]"}}, {"model": "admin.logentry", "pk": 10, "fields": {"action_time": "2021-12-06T08:48:27.960Z", "user": 2, "content_type": 8, "object_id": "3", "object_repr": "Great TShirt", "action_flag": 1, "change_message": "[{\"added\": {}}]"}}, {"model": "admin.logentry", "pk": 11, "fields": {"action_time": "2021-12-06T08:48:58.351Z", "user": 2, "content_type": 8, "object_id": "4", "object_repr": "Mavi Jeans", "action_flag": 1, "change_message": "[{\"added\": {}}]"}}, {"model": "admin.logentry", "pk": 12, "fields": {"action_time": "2021-12-06T08:49:27.943Z", "user": 2, "content_type": 8, "object_id": "5", "object_repr": "Puma Ferrar Shoes", "action_flag": 1, "change_message": "[{\"added\": {}}]"}}, {"model": "admin.logentry", "pk": 13, "fields": {"action_time": "2021-12-06T08:50:04.317Z", "user": 2, "content_type": 8, "object_id": "6", "object_repr": "US Polo Assn Jacket", "action_flag": 1, "change_message": "[{\"added\": {}}]"}}, {"model": "admin.logentry", "pk": 14, "fields": {"action_time": "2021-12-06T08:50:32.520Z", "user": 2, "content_type": 8, "object_id": "7", "object_repr": "Wrangler Shirt", "action_flag": 1, "change_message": "[{\"added\": {}}]"}}, {"model": "admin.logentry", "pk": 15, "fields": {"action_time": "2021-12-06T09:07:44.223Z", "user": 2, "content_type": 9, "object_id": "1", "object_repr": "ATX-Jeans", "action_flag": 1, "change_message": "[{\"added\": {}}]"}}, {"model": "admin.logentry", "pk": 16, "fields": {"action_time": "2021-12-06T09:08:10.134Z", "user": 2, "content_type": 9, "object_id": "2", "object_repr": "Blue Shirt", "action_flag": 1, "change_message": "[{\"added\": {}}]"}}, {"model": "admin.logentry", "pk": 17, "fields": {"action_time": "2021-12-06T09:08:30.273Z", "user": 2, "content_type": 9, "object_id": "3", "object_repr": "Great TShirt", "action_flag": 1, "change_message": "[{\"added\": {}}]"}}, {"model": "admin.logentry", "pk": 18, "fields": {"action_time": "2021-12-06T09:08:52.766Z", "user": 2, "content_type": 9, "object_id": "4", "object_repr": "Mavi Jeans", "action_flag": 1, "change_message": "[{\"added\": {}}]"}}, {"model": "admin.logentry", "pk": 19, "fields": {"action_time": "2021-12-06T09:09:13.375Z", "user": 2, "content_type": 9, "object_id": "5", "object_repr": "Puma Ferrar Shoes", "action_flag": 1, "change_message": "[{\"added\": {}}]"}}, {"model": "admin.logentry", "pk": 20, "fields": {"action_time": "2021-12-06T09:09:35.909Z", "user": 2, "content_type": 9, "object_id": "6", "object_repr": "US Polo Assn Jacket", "action_flag": 1, "change_message": "[{\"added\": {}}]"}}, {"model": "admin.logentry", "pk": 21, "fields": {"action_time": "2021-12-06T09:10:27.250Z", "user": 2, "content_type": 9, "object_id": "7", "object_repr": "Wrangler Shirt", "action_flag": 1, "change_message": "[{\"added\": {}}]"}}, {"model": "admin.logentry", "pk": 22, "fields": {"action_time": "2021-12-06T09:10:55.262Z", "user": 2, "content_type": 9, "object_id": "8", "object_repr": "Basketball Shoes", "action_flag": 1, "change_message": "[{\"added\": {}}]"}}, {"model": "admin.logentry", "pk": 23, "fields": {"action_time": "2021-12-06T14:07:35.120Z", "user": 2, "content_type": 9, "object_id": "3", "object_repr": "Great TShirt", "action_flag": 2, "change_message": "[{\"changed\": {\"fields\": [\"Stock\"]}}]"}}, {"model": "admin.logentry", "pk": 24, "fields": {"action_time": "2021-12-07T18:08:21.858Z", "user": 2, "content_type": 12, "object_id": "2", "object_repr": "Mavi Jeans", "action_flag": 1, "change_message": "[{\"added\": {}}]"}}, {"model": "admin.logentry", "pk": 25, "fields": {"action_time": "2021-12-07T18:08:54.117Z", "user": 2, "content_type": 12, "object_id": "3", "object_repr": "Mavi Jeans", "action_flag": 1, "change_message": "[{\"added\": {}}]"}}, {"model": "admin.logentry", "pk": 26, "fields": {"action_time": "2021-12-07T18:09:04.718Z", "user": 2, "content_type": 12, "object_id": "4", "object_repr": "Mavi Jeans", "action_flag": 1, "change_message": "[{\"added\": {}}]"}}, {"model": "admin.logentry", "pk": 27, "fields": {"action_time": "2021-12-07T18:09:19.605Z", "user": 2, "content_type": 12, "object_id": "5", "object_repr": "Mavi Jeans", "action_flag": 1, "change_message": "[{\"added\": {}}]"}}, {"model": "admin.logentry", "pk": 28, "fields": {"action_time": "2021-12-07T18:09:32.764Z", "user": 2, "content_type": 12, "object_id": "6", "object_repr": "Mavi Jeans", "action_flag": 1, "change_message": "[{\"added\": {}}]"}}, {"model": "admin.logentry", "pk": 29, "fields": {"action_time": "2021-12-07T18:37:56.576Z", "user": 2, "content_type": 12, "object_id": "6", "object_repr": "Mavi Jeans", "action_flag": 3, "change_message": ""}}, {"model": "admin.logentry", "pk": 30, "fields": {"action_time": "2021-12-07T18:37:56.585Z", "user": 2, "content_type": 12, "object_id": "5", "object_repr": "Mavi Jeans", "action_flag": 3, "change_message": ""}}, {"model": "admin.logentry", "pk": 31, "fields": {"action_time": "2021-12-07T18:37:56.588Z", "user": 2, "content_type": 12, "object_id": "4", "object_repr": "Mavi Jeans", "action_flag": 3, "change_message": ""}}, {"model": "admin.logentry", "pk": 32, "fields": {"action_time": "2021-12-07T18:37:56.591Z", "user": 2, "content_type": 12, "object_id": "3", "object_repr": "Mavi Jeans", "action_flag": 3, "change_message": ""}}, {"model": "admin.logentry", "pk": 33, "fields": {"action_time": "2021-12-07T18:37:56.596Z", "user": 2, "content_type": 12, "object_id": "2", "object_repr": "Mavi Jeans", "action_flag": 3, "change_message": ""}}, {"model": "admin.logentry", "pk": 34, "fields": {"action_time": "2021-12-07T18:38:06.412Z", "user": 2, "content_type": 12, "object_id": "7", "object_repr": "Great TShirt", "action_flag": 1, "change_message": "[{\"added\": {}}]"}}, {"model": "admin.logentry", "pk": 35, "fields": {"action_time": "2021-12-07T18:38:18.252Z", "user": 2, "content_type": 12, "object_id": "8", "object_repr": "Blue Shirt", "action_flag": 1, "change_message": "[{\"added\": {}}]"}}, {"model": "admin.logentry", "pk": 36, "fields": {"action_time": "2021-12-07T18:38:29.930Z", "user": 2, "content_type": 12, "object_id": "8", "object_repr": "Blue Shirt", "action_flag": 3, "change_message": ""}}, {"model": "admin.logentry", "pk": 37, "fields": {"action_time": "2021-12-07T18:38:39.067Z", "user": 2, "content_type": 12, "object_id": "9", "object_repr": "Great TShirt", "action_flag": 1, "change_message": "[{\"added\": {}}]"}}, {"model": "admin.logentry", "pk": 38, "fields": {"action_time": "2021-12-07T18:39:03.011Z", "user": 2, "content_type": 12, "object_id": "9", "object_repr": "Great TShirt", "action_flag": 3, "change_message": ""}}, {"model": "admin.logentry", "pk": 39, "fields": {"action_time": "2021-12-07T18:39:03.017Z", "user": 2, "content_type": 12, "object_id": "7", "object_repr": "Great TShirt", "action_flag": 3, "change_message": ""}}, {"model": "admin.logentry", "pk": 40, "fields": {"action_time": "2021-12-07T18:39:12.553Z", "user": 2, "content_type": 12, "object_id": "10", "object_repr": "Basketball Shoes", "action_flag": 1, "change_message": "[{\"added\": {}}]"}}, {"model": "admin.logentry", "pk": 41, "fields": {"action_time": "2021-12-07T18:39:21.431Z", "user": 2, "content_type": 12, "object_id": "11", "object_repr": "Basketball Shoes", "action_flag": 1, "change_message": "[{\"added\": {}}]"}}, {"model": "admin.logentry", "pk": 42, "fields": {"action_time": "2021-12-07T18:39:30.980Z", "user": 2, "content_type": 12, "object_id": "12", "object_repr": "Basketball Shoes", "action_flag": 1, "change_message": "[{\"added\": {}}]"}}, {"model": "admin.logentry", "pk": 43, "fields": {"action_time": "2021-12-07T18:39:41.817Z", "user": 2, "content_type": 12, "object_id": "13", "object_repr": "Basketball Shoes", "action_flag": 1, "change_message": "[{\"added\": {}}]"}}, {"model": "admin.logentry", "pk": 44, "fields": {"action_time": "2021-12-07T18:39:50.480Z", "user": 2, "content_type": 12, "object_id": "14", "object_repr": "Basketball Shoes", "action_flag": 1, "change_message": "[{\"added\": {}}]"}}, {"model": "admin.logentry", "pk": 45, "fields": {"action_time": "2021-12-07T19:39:46.369Z", "user": 2, "content_type": 10, "object_id": "18", "object_repr": "Basketball Shoes", "action_flag": 3, "change_message": ""}}, {"model": "admin.logentry", "pk": 46, "fields": {"action_time": "2021-12-07T19:44:04.131Z", "user": 2, "content_type": 11, "object_id": "1", "object_repr": "2bfpzqae72dhlghfgvge6zr4ebhfj52j", "action_flag": 3, "change_message": ""}}, {"model": "admin.logentry", "pk": 47, "fields": {"action_time": "2021-12-07T19:57:28.877Z", "user": 2, "content_type": 11, "object_id": "3", "object_repr": "utbaru3fl2zwr80ofli5vum9kqw192wc", "action_flag": 3, "change_message": ""}}, {"model": "admin.logentry", "pk": 48, "fields": {"action_time": "2021-12-07T19:57:28.882Z", "user": 2, "content_type": 11, "object_id": "2", "object_repr": "1lgve52vyktlaae7vtvon0ai55f2i427", "action_flag": 3, "change_message": ""}}, {"model": "admin.logentry", "pk": 49, "fields": {"action_time": "2021-12-07T19:59:34.404Z", "user": 2, "content_type": 11, "object_id": "4", "object_repr": "utbaru3fl2zwr80ofli5vum9kqw192wc", "action_flag": 3, "change_message": ""}}, {"model": "admin.logentry", "pk": 50, "fields": {"action_time": "2021-12-07T20:00:05.206Z", "user": 2, "content_type": 11, "object_id": "5", "object_repr": "utbaru3fl2zwr80ofli5vum9kqw192wc", "action_flag": 3, "change_message": ""}}, {"model": "admin.logentry", "pk": 51, "fields": {"action_time": "2021-12-07T20:03:35.204Z", "user": 2, "content_type": 11, "object_id": "6", "object_repr": "utbaru3fl2zwr80ofli5vum9kqw192wc", "action_flag": 3, "change_message": ""}}, {"model": "admin.logentry", "pk": 52, "fields": {"action_time": "2021-12-07T20:28:25.138Z", "user": 2, "content_type": 11, "object_id": "7", "object_repr": "utbaru3fl2zwr80ofli5vum9kqw192wc", "action_flag": 3, "change_message": ""}}, {"model": "admin.logentry", "pk": 53, "fields": {"action_time": "2021-12-08T08:09:06.138Z", "user": 2, "content_type": 10, "object_id": "28", "object_repr": "Basketball Shoes", "action_flag": 3, "change_message": ""}}, {"model": "admin.logentry", "pk": 54, "fields": {"action_time": "2021-12-08T08:12:08.496Z", "user": 2, "content_type": 10, "object_id": "30", "object_repr": "Basketball Shoes", "action_flag": 3, "change_message": ""}}, {"model": "admin.logentry", "pk": 55, "fields": {"action_time": "2021-12-08T08:14:23.905Z", "user": 2, "content_type": 10, "object_id": "32", "object_repr": "Basketball Shoes", "action_flag": 3, "change_message": ""}}, {"model": "admin.logentry", "pk": 56, "fields": {"action_time": "2021-12-08T08:15:38.692Z", "user": 2, "content_type": 10, "object_id": "33", "object_repr": "Basketball Shoes", "action_flag": 3, "change_message": ""}}, {"model": "admin.logentry", "pk": 57, "fields": {"action_time": "2021-12-08T08:17:00.676Z", "user": 2, "content_type": 10, "object_id": "34", "object_repr": "Basketball Shoes", "action_flag": 3, "change_message": ""}}, {"model": "admin.logentry", "pk": 58, "fields": {"action_time": "2021-12-08T08:19:08.224Z", "user": 2, "content_type": 12, "object_id": "14", "object_repr": "Green", "action_flag": 3, "change_message": ""}}, {"model": "admin.logentry", "pk": 59, "fields": {"action_time": "2021-12-08T08:19:08.260Z", "user": 2, "content_type": 12, "object_id": "13", "object_repr": "Medium", "action_flag": 3, "change_message": ""}}, {"model": "admin.logentry", "pk": 60, "fields": {"action_time": "2021-12-08T08:19:08.272Z", "user": 2, "content_type": 12, "object_id": "12", "object_repr": "Blue", "action_flag": 3, "change_message": ""}}, {"model": "admin.logentry", "pk": 61, "fields": {"action_time": "2021-12-08T08:19:08.277Z", "user": 2, "content_type": 12, "object_id": "11", "object_repr": "Small", "action_flag": 3, "change_message": ""}}, {"model": "admin.logentry", "pk": 62, "fields": {"action_time": "2021-12-08T08:19:08.281Z", "user": 2, "content_type": 12, "object_id": "10", "object_repr": "Red", "action_flag": 3, "change_message": ""}}, {"model": "admin.logentry", "pk": 63, "fields": {"action_time": "2021-12-08T08:19:18.033Z", "user": 2, "content_type": 10, "object_id": "36", "object_repr": "Basketball Shoes", "action_flag": 3, "change_message": ""}}, {"model": "admin.logentry", "pk": 64, "fields": {"action_time": "2021-12-08T08:19:41.672Z", "user": 2, "content_type": 12, "object_id": "16", "object_repr": "Medium", "action_flag": 1, "change_message": "[{\"added\": {}}]"}}, {"model": "admin.logentry", "pk": 65, "fields": {"action_time": "2021-12-08T08:19:50.370Z", "user": 2, "content_type": 12, "object_id": "17", "object_repr": "Blue", "action_flag": 1, "change_message": "[{\"added\": {}}]"}}, {"model": "admin.logentry", "pk": 66, "fields": {"action_time": "2021-12-08T08:19:58.226Z", "user": 2, "content_type": 12, "object_id": "18", "object_repr": "Small", "action_flag": 1, "change_message": "[{\"added\": {}}]"}}, {"model": "admin.logentry", "pk": 67, "fields": {"action_time": "2021-12-08T08:20:06.662Z", "user": 2, "content_type": 12, "object_id": "18", "object_repr": "Small", "action_flag": 2, "change_message": "[]"}}, {"model": "admin.logentry", "pk": 68, "fields": {"action_time": "2021-12-08T08:20:16.392Z", "user": 2, "content_type": 12, "object_id": "19", "object_repr": "Red", "action_flag": 1, "change_message": "[{\"added\": {}}]"}}, {"model": "admin.logentry", "pk": 69, "fields": {"action_time": "2021-12-08T08:27:30.648Z", "user": 2, "content_type": 12, "object_id": "20", "object_repr": "Blue", "action_flag": 1, "change_message": "[{\"added\": {}}]"}}, {"model": "admin.logentry", "pk": 70, "fields": {"action_time": "2021-12-08T08:27:41.126Z", "user": 2, "content_type": 12, "object_id": "21", "object_repr": "Green", "action_flag": 1, "change_message": "[{\"added\": {}}]"}}, {"model": "admin.logentry", "pk": 71, "fields": {"action_time": "2021-12-08T08:27:57.117Z", "user": 2, "content_type": 12, "object_id": "22", "object_repr": "White", "action_flag": 1, "change_message": "[{\"added\": {}}]"}}, {"model": "admin.logentry", "pk": 72, "fields": {"action_time": "2021-12-08T08:28:22.980Z", "user": 2, "content_type": 12, "object_id": "23", "object_repr": "Small", "action_flag": 1, "change_message": "[{\"added\": {}}]"}}, {"model": "admin.logentry", "pk": 73, "fields": {"action_time": "2021-12-08T08:28:33.579Z", "user": 2, "content_type": 12, "object_id": "24", "object_repr": "Medium", "action_flag": 1, "change_message": "[{\"added\": {}}]"}}, {"model": "admin.logentry", "pk": 74, "fields": {"action_time": "2021-12-08T08:34:06.731Z", "user": 2, "content_type": 12, "object_id": "24", "object_repr": "Medium", "action_flag": 3, "change_message": ""}}, {"model": "admin.logentry", "pk": 75, "fields": {"action_time": "2021-12-08T08:34:06.735Z", "user": 2, "content_type": 12, "object_id": "23", "object_repr": "Small", "action_flag": 3, "change_message": ""}}, {"model": "admin.logentry", "pk": 76, "fields": {"action_time": "2021-12-08T08:34:06.738Z", "user": 2, "content_type": 12, "object_id": "22", "object_repr": "White", "action_flag": 3, "change_message": ""}}, {"model": "admin.logentry", "pk": 77, "fields": {"action_time": "2021-12-08T08:34:06.740Z", "user": 2, "content_type": 12, "object_id": "21", "object_repr": "Green", "action_flag": 3, "change_message": ""}}, {"model": "admin.logentry", "pk": 78, "fields": {"action_time": "2021-12-08T08:34:06.744Z", "user": 2, "content_type": 12, "object_id": "20", "object_repr": "Blue", "action_flag": 3, "change_message": ""}}, {"model": "admin.logentry", "pk": 79, "fields": {"action_time": "2021-12-08T08:34:06.751Z", "user": 2, "content_type": 12, "object_id": "19", "object_repr": "Red", "action_flag": 3, "change_message": ""}}, {"model": "admin.logentry", "pk": 80, "fields": {"action_time": "2021-12-08T08:34:06.755Z", "user": 2, "content_type": 12, "object_id": "18", "object_repr": "Small", "action_flag": 3, "change_message": ""}}, {"model": "admin.logentry", "pk": 81, "fields": {"action_time": "2021-12-08T08:34:06.757Z", "user": 2, "content_type": 12, "object_id": "17", "object_repr": "Blue", "action_flag": 3, "change_message": ""}}, {"model": "admin.logentry", "pk": 82, "fields": {"action_time": "2021-12-08T08:34:06.758Z", "user": 2, "content_type": 12, "object_id": "16", "object_repr": "Medium", "action_flag": 3, "change_message": ""}}, {"model": "admin.logentry", "pk": 83, "fields": {"action_time": "2021-12-08T08:34:17.488Z", "user": 2, "content_type": 12, "object_id": "25", "object_repr": "Small", "action_flag": 1, "change_message": "[{\"added\": {}}]"}}, {"model": "admin.logentry", "pk": 84, "fields": {"action_time": "2021-12-08T08:34:29.602Z", "user": 2, "content_type": 12, "object_id": "26", "object_repr": "Medium", "action_flag": 1, "change_message": "[{\"added\": {}}]"}}, {"model": "admin.logentry", "pk": 85, "fields": {"action_time": "2021-12-08T08:34:38.997Z", "user": 2, "content_type": 12, "object_id": "27", "object_repr": "Blue", "action_flag": 1, "change_message": "[{\"added\": {}}]"}}, {"model": "admin.logentry", "pk": 86, "fields": {"action_time": "2021-12-08T08:34:47.725Z", "user": 2, "content_type": 12, "object_id": "28", "object_repr": "Red", "action_flag": 1, "change_message": "[{\"added\": {}}]"}}, {"model": "admin.logentry", "pk": 87, "fields": {"action_time": "2021-12-08T08:35:07.339Z", "user": 2, "content_type": 12, "object_id": "29", "object_repr": "White", "action_flag": 1, "change_message": "[{\"added\": {}}]"}}, {"model": "admin.logentry", "pk": 88, "fields": {"action_time": "2021-12-08T09:08:59.946Z", "user": 2, "content_type": 10, "object_id": "45", "object_repr": "ATX-Jeans", "action_flag": 3, "change_message": ""}}, {"model": "admin.logentry", "pk": 89, "fields": {"action_time": "2021-12-08T09:08:59.952Z", "user": 2, "content_type": 10, "object_id": "44", "object_repr": "ATX-Jeans", "action_flag": 3, "change_message": ""}}, {"model": "admin.logentry", "pk": 90, "fields": {"action_time": "2021-12-08T09:08:59.955Z", "user": 2, "content_type": 10, "object_id": "43", "object_repr": "ATX-Jeans", "action_flag": 3, "change_message": ""}}, {"model": "admin.logentry", "pk": 91, "fields": {"action_time": "2021-12-08T09:08:59.959Z", "user": 2, "content_type": 10, "object_id": "42", "object_repr": "ATX-Jeans", "action_flag": 3, "change_message": ""}}, {"model": "admin.logentry", "pk": 92, "fields": {"action_time": "2021-12-08T09:10:26.840Z", "user": 2, "content_type": 10, "object_id": "47", "object_repr": "ATX-Jeans", "action_flag": 3, "change_message": ""}}, {"model": "admin.logentry", "pk": 93, "fields": {"action_time": "2021-12-08T09:10:26.847Z", "user": 2, "content_type": 10, "object_id": "46", "object_repr": "ATX-Jeans", "action_flag": 3, "change_message": ""}}, {"model": "admin.logentry", "pk": 94, "fields": {"action_time": "2021-12-08T09:26:01.917Z", "user": 2, "content_type": 10, "object_id": "49", "object_repr": "ATX-Jeans", "action_flag": 3, "change_message": ""}}, {"model": "admin.logentry", "pk": 95, "fields": {"action_time": "2021-12-08T09:29:54.899Z", "user": 2, "content_type": 10, "object_id": "53", "object_repr": "ATX-Jeans", "action_flag": 3, "change_message": ""}}, {"model": "admin.logentry", "pk": 96, "fields": {"action_time": "2021-12-08T09:29:54.907Z", "user": 2, "content_type": 10, "object_id": "52", "object_repr": "ATX-Jeans", "action_flag": 3, "change_message": ""}}, {"model": "admin.logentry", "pk": 97, "fields": {"action_time": "2021-12-08T09:29:54.911Z", "user": 2, "content_type": 10, "object_id": "51", "object_repr": "ATX-Jeans", "action_flag": 3, "change_message": ""}}, {"model": "admin.logentry", "pk": 98, "fields": {"action_time": "2021-12-08T09:29:54.915Z", "user": 2, "content_type": 10, "object_id": "50", "object_repr": "ATX-Jeans", "action_flag": 3, "change_message": ""}}, {"model": "admin.logentry", "pk": 99, "fields": {"action_time": "2021-12-08T10:28:00.968Z", "user": 2, "content_type": 10, "object_id": "61", "object_repr": "ATX-Jeans", "action_flag": 3, "change_message": ""}}, {"model": "admin.logentry", "pk": 100, "fields": {"action_time": "2021-12-08T10:28:00.975Z", "user": 2, "content_type": 10, "object_id": "60", "object_repr": "ATX-Jeans", "action_flag": 3, "change_message": ""}}, {"model": "admin.logentry", "pk": 101, "fields": {"action_time": "2021-12-08T10:28:00.981Z", "user": 2, "content_type": 10, "object_id": "59", "object_repr": "ATX-Jeans", "action_flag": 3, "change_message": ""}}, {"model": "admin.logentry", "pk": 102, "fields": {"action_time": "2021-12-08T10:28:00.984Z", "user": 2, "content_type": 10, "object_id": "58", "object_repr": "ATX-Jeans", "action_flag": 3, "change_message": ""}}, {"model": "admin.logentry", "pk": 103, "fields": {"action_time": "2021-12-08T10:36:31.506Z", "user": 2, "content_type": 10, "object_id": "66", "object_repr": "ATX-Jeans", "action_flag": 3, "change_message": ""}}, {"model": "admin.logentry", "pk": 104, "fields": {"action_time": "2021-12-08T10:36:31.513Z", "user": 2, "content_type": 10, "object_id": "65", "object_repr": "ATX-Jeans", "action_flag": 3, "change_message": ""}}, {"model": "admin.logentry", "pk": 105, "fields": {"action_time": "2021-12-08T10:36:31.516Z", "user": 2, "content_type": 10, "object_id": "64", "object_repr": "ATX-Jeans", "action_flag": 3, "change_message": ""}}, {"model": "admin.logentry", "pk": 106, "fields": {"action_time": "2021-12-08T10:36:31.518Z", "user": 2, "content_type": 10, "object_id": "63", "object_repr": "ATX-Jeans", "action_flag": 3, "change_message": ""}}, {"model": "admin.logentry", "pk": 107, "fields": {"action_time": "2021-12-08T10:45:43.832Z", "user": 2, "content_type": 10, "object_id": "84", "object_repr": "ATX-Jeans", "action_flag": 3, "change_message": ""}}, {"model": "admin.logentry", "pk": 108, "fields": {"action_time": "2021-12-08T10:45:43.837Z", "user": 2, "content_type": 10, "object_id": "83", "object_repr": "ATX-Jeans", "action_flag": 3, "change_message": ""}}, {"model": "admin.logentry", "pk": 109, "fields": {"action_time": "2021-12-08T10:45:43.840Z", "user": 2, "content_type": 10, "object_id": "82", "object_repr": "ATX-Jeans", "action_flag": 3, "change_message": ""}}, {"model": "admin.logentry", "pk": 110, "fields": {"action_time": "2021-12-08T10:45:43.842Z", "user": 2, "content_type": 10, "object_id": "81", "object_repr": "ATX-Jeans", "action_flag": 3, "change_message": ""}}, {"model": "admin.logentry", "pk": 111, "fields": {"action_time": "2021-12-08T10:45:43.844Z", "user": 2, "content_type": 10, "object_id": "80", "object_repr": "ATX-Jeans", "action_flag": 3, "change_message": ""}}, {"model": "admin.logentry", "pk": 112, "fields": {"action_time": "2021-12-08T10:45:43.846Z", "user": 2, "content_type": 10, "object_id": "79", "object_repr": "ATX-Jeans", "action_flag": 3, "change_message": ""}}, {"model": "admin.logentry", "pk": 113, "fields": {"action_time": "2021-12-08T10:45:43.848Z", "user": 2, "content_type": 10, "object_id": "78", "object_repr": "ATX-Jeans", "action_flag": 3, "change_message": ""}}, {"model": "admin.logentry", "pk": 114, "fields": {"action_time": "2021-12-08T10:45:43.851Z", "user": 2, "content_type": 10, "object_id": "77", "object_repr": "ATX-Jeans", "action_flag": 3, "change_message": ""}}, {"model": "admin.logentry", "pk": 115, "fields": {"action_time": "2021-12-08T10:45:43.853Z", "user": 2, "content_type": 10, "object_id": "76", "object_repr": "ATX-Jeans", "action_flag": 3, "change_message": ""}}, {"model": "admin.logentry", "pk": 116, "fields": {"action_time": "2021-12-08T10:45:43.857Z", "user": 2, "content_type": 10, "object_id": "75", "object_repr": "ATX-Jeans", "action_flag": 3, "change_message": ""}}, {"model": "admin.logentry", "pk": 117, "fields": {"action_time": "2021-12-08T10:45:43.860Z", "user": 2, "content_type": 10, "object_id": "74", "object_repr": "ATX-Jeans", "action_flag": 3, "change_message": ""}}, {"model": "admin.logentry", "pk": 118, "fields": {"action_time": "2021-12-08T10:45:43.863Z", "user": 2, "content_type": 10, "object_id": "73", "object_repr": "ATX-Jeans", "action_flag": 3, "change_message": ""}}, {"model": "admin.logentry", "pk": 119, "fields": {"action_time": "2021-12-08T10:45:43.865Z", "user": 2, "content_type": 10, "object_id": "72", "object_repr": "ATX-Jeans", "action_flag": 3, "change_message": ""}}, {"model": "admin.logentry", "pk": 120, "fields": {"action_time": "2021-12-08T10:45:43.867Z", "user": 2, "content_type": 10, "object_id": "71", "object_repr": "ATX-Jeans", "action_flag": 3, "change_message": ""}}, {"model": "admin.logentry", "pk": 121, "fields": {"action_time": "2021-12-08T10:45:43.871Z", "user": 2, "content_type": 10, "object_id": "70", "object_repr": "ATX-Jeans", "action_flag": 3, "change_message": ""}}, {"model": "admin.logentry", "pk": 122, "fields": {"action_time": "2021-12-08T10:45:43.874Z", "user": 2, "content_type": 10, "object_id": "69", "object_repr": "ATX-Jeans", "action_flag": 3, "change_message": ""}}, {"model": "admin.logentry", "pk": 123, "fields": {"action_time": "2021-12-08T17:11:54.609Z", "user": 2, "content_type": 10, "object_id": "86", "object_repr": "ATX-Jeans", "action_flag": 3, "change_message": ""}}, {"model": "admin.logentry", "pk": 124, "fields": {"action_time": "2021-12-08T17:16:10.550Z", "user": 2, "content_type": 11, "object_id": "8", "object_repr": "utbaru3fl2zwr80ofli5vum9kqw192wc", "action_flag": 3, "change_message": ""}}, {"model": "admin.logentry", "pk": 125, "fields": {"action_time": "2021-12-08T17:40:44.361Z", "user": 2, "content_type": 10, "object_id": "91", "object_repr": "ATX-Jeans", "action_flag": 3, "change_message": ""}}, {"model": "admin.logentry", "pk": 126, "fields": {"action_time": "2021-12-08T17:40:44.367Z", "user": 2, "content_type": 10, "object_id": "90", "object_repr": "ATX-Jeans", "action_flag": 3, "change_message": ""}}, {"model": "admin.logentry", "pk": 127, "fields": {"action_time": "2021-12-08T17:40:44.369Z", "user": 2, "content_type": 10, "object_id": "89", "object_repr": "ATX-Jeans", "action_flag": 3, "change_message": ""}}, {"model": "admin.logentry", "pk": 128, "fields": {"action_time": "2021-12-08T17:40:44.373Z", "user": 2, "content_type": 10, "object_id": "88", "object_repr": "ATX-Jeans", "action_flag": 3, "change_message": ""}}, {"model": "admin.logentry", "pk": 129, "fields": {"action_time": "2021-12-08T17:45:26.002Z", "user": 2, "content_type": 10, "object_id": "93", "object_repr": "ATX-Jeans", "action_flag": 3, "change_message": ""}}, {"model": "admin.logentry", "pk": 130, "fields": {"action_time": "2021-12-08T17:45:26.009Z", "user": 2, "content_type": 10, "object_id": "92", "object_repr": "ATX-Jeans", "action_flag": 3, "change_message": ""}}, {"model": "admin.logentry", "pk": 131, "fields": {"action_time": "2021-12-08T17:45:49.662Z", "user": 2, "content_type": 12, "object_id": "30", "object_repr": "Large", "action_flag": 1, "change_message": "[{\"added\": {}}]"}}, {"model": "admin.logentry", "pk": 132, "fields": {"action_time": "2021-12-08T17:50:12.514Z", "user": 2, "content_type": 10, "object_id": "95", "object_repr": "ATX-Jeans", "action_flag": 3, "change_message": ""}}, {"model": "admin.logentry", "pk": 133, "fields": {"action_time": "2021-12-08T17:50:12.521Z", "user": 2, "content_type": 10, "object_id": "94", "object_repr": "ATX-Jeans", "action_flag": 3, "change_message": ""}}, {"model": "admin.logentry", "pk": 134, "fields": {"action_time": "2021-12-09T17:16:36.176Z", "user": 2, "content_type": 6, "object_id": "3", "object_repr": "john__doe", "action_flag": 3, "change_message": ""}}, {"model": "admin.logentry", "pk": 135, "fields": {"action_time": "2021-12-09T17:17:27.731Z", "user": 2, "content_type": 6, "object_id": "4", "object_repr": "john__doe", "action_flag": 3, "change_message": ""}}, {"model": "admin.logentry", "pk": 136, "fields": {"action_time": "2021-12-09T17:18:29.564Z", "user": 2, "content_type": 6, "object_id": "5", "object_repr": "john__doe", "action_flag": 3, "change_message": ""}}, {"model": "admin.logentry", "pk": 137, "fields": {"action_time": "2021-12-09T17:26:04.951Z", "user": 2, "content_type": 6, "object_id": "6", "object_repr": "john__doe", "action_flag": 3, "change_message": ""}}, {"model": "admin.logentry", "pk": 138, "fields": {"action_time": "2021-12-09T17:26:54.393Z", "user": 2, "content_type": 6, "object_id": "7", "object_repr": "john__doe", "action_flag": 3, "change_message": ""}}, {"model": "admin.logentry", "pk": 139, "fields": {"action_time": "2021-12-09T17:28:04.326Z", "user": 2, "content_type": 6, "object_id": "8", "object_repr": "john__doe", "action_flag": 3, "change_message": ""}}, {"model": "admin.logentry", "pk": 140, "fields": {"action_time": "2021-12-09T17:31:30.083Z", "user": 2, "content_type": 6, "object_id": "9", "object_repr": "john__doe", "action_flag": 3, "change_message": ""}}, {"model": "admin.logentry", "pk": 141, "fields": {"action_time": "2021-12-09T17:44:27.124Z", "user": 2, "content_type": 6, "object_id": "10", "object_repr": "john__doe", "action_flag": 2, "change_message": "[{\"changed\": {\"fields\": [\"Is active\"]}}]"}}, {"model": "admin.logentry", "pk": 142, "fields": {"action_time": "2021-12-09T17:48:41.024Z", "user": 2, "content_type": 6, "object_id": "10", "object_repr": "john__doe", "action_flag": 3, "change_message": ""}}, {"model": "admin.logentry", "pk": 143, "fields": {"action_time": "2021-12-09T18:04:39.707Z", "user": 2, "content_type": 6, "object_id": "11", "object_repr": "john__doe", "action_flag": 2, "change_message": "[{\"changed\": {\"fields\": [\"Is active\"]}}]"}}, {"model": "admin.logentry", "pk": 144, "fields": {"action_time": "2021-12-09T19:07:28.574Z", "user": 2, "content_type": 6, "object_id": "11", "object_repr": "john__doe", "action_flag": 3, "change_message": ""}}, {"model": "admin.logentry", "pk": 145, "fields": {"action_time": "2021-12-09T19:24:14.846Z", "user": 2, "content_type": 6, "object_id": "12", "object_repr": "john__doe", "action_flag": 3, "change_message": ""}}, {"model": "admin.logentry", "pk": 146, "fields": {"action_time": "2021-12-09T19:28:11.761Z", "user": 2, "content_type": 6, "object_id": "13", "object_repr": "john__doe", "action_flag": 3, "change_message": ""}}, {"model": "admin.logentry", "pk": 147, "fields": {"action_time": "2021-12-09T19:44:49.246Z", "user": 2, "content_type": 6, "object_id": "14", "object_repr": "john__doe", "action_flag": 3, "change_message": ""}}, {"model": "admin.logentry", "pk": 148, "fields": {"action_time": "2021-12-09T20:00:48.228Z", "user": 2, "content_type": 6, "object_id": "15", "object_repr": "john__doe", "action_flag": 2, "change_message": "[{\"changed\": {\"fields\": [\"Email\"]}}]"}}, {"model": "admin.logentry", "pk": 149, "fields": {"action_time": "2021-12-13T13:35:33.304Z", "user": 2, "content_type": 10, "object_id": "107", "object_repr": "ATX-Jeans", "action_flag": 3, "change_message": ""}}, {"model": "admin.logentry", "pk": 150, "fields": {"action_time": "2021-12-13T13:35:33.311Z", "user": 2, "content_type": 10, "object_id": "105", "object_repr": "ATX-Jeans", "action_flag": 3, "change_message": ""}}, {"model": "admin.logentry", "pk": 151, "fields": {"action_time": "2021-12-13T13:35:33.315Z", "user": 2, "content_type": 10, "object_id": "104", "object_repr": "ATX-Jeans", "action_flag": 3, "change_message": ""}}, {"model": "admin.logentry", "pk": 152, "fields": {"action_time": "2021-12-13T13:35:33.317Z", "user": 2, "content_type": 10, "object_id": "103", "object_repr": "ATX-Jeans", "action_flag": 3, "change_message": ""}}, {"model": "admin.logentry", "pk": 153, "fields": {"action_time": "2021-12-13T13:35:33.319Z", "user": 2, "content_type": 10, "object_id": "102", "object_repr": "ATX-Jeans", "action_flag": 3, "change_message": ""}}, {"model": "admin.logentry", "pk": 154, "fields": {"action_time": "2021-12-13T13:35:33.321Z", "user": 2, "content_type": 10, "object_id": "101", "object_repr": "ATX-Jeans", "action_flag": 3, "change_message": ""}}, {"model": "admin.logentry", "pk": 155, "fields": {"action_time": "2021-12-13T13:35:42.363Z", "user": 2, "content_type": 11, "object_id": "38", "object_repr": "wq3ffh9du3a63o7pxnhuwlo73s822lin", "action_flag": 3, "change_message": ""}}, {"model": "admin.logentry", "pk": 156, "fields": {"action_time": "2021-12-13T13:35:42.371Z", "user": 2, "content_type": 11, "object_id": "37", "object_repr": "j9bi1da7tj8etc0jelim8avk7iqj84xr", "action_flag": 3, "change_message": ""}}, {"model": "admin.logentry", "pk": 157, "fields": {"action_time": "2021-12-13T13:35:42.373Z", "user": 2, "content_type": 11, "object_id": "36", "object_repr": "xbmfl7wvpvdtaagwy2z7lwcobw778s68", "action_flag": 3, "change_message": ""}}, {"model": "admin.logentry", "pk": 158, "fields": {"action_time": "2021-12-13T13:35:42.376Z", "user": 2, "content_type": 11, "object_id": "35", "object_repr": "875ojcffu8mdz5pgfckhamf17shuorpk", "action_flag": 3, "change_message": ""}}, {"model": "admin.logentry", "pk": 159, "fields": {"action_time": "2021-12-13T13:35:42.381Z", "user": 2, "content_type": 11, "object_id": "34", "object_repr": "bxd9d0jhtnpq7jubc97owpqeb9kwajoa", "action_flag": 3, "change_message": ""}}, {"model": "admin.logentry", "pk": 160, "fields": {"action_time": "2021-12-13T13:35:42.383Z", "user": 2, "content_type": 11, "object_id": "33", "object_repr": "8v3peg5v9cmdych5ouvpdjzkrx9n3w0o", "action_flag": 3, "change_message": ""}}, {"model": "admin.logentry", "pk": 161, "fields": {"action_time": "2021-12-13T13:35:42.385Z", "user": 2, "content_type": 11, "object_id": "32", "object_repr": "3qk9n9j5j76poei7h6aoygi6kja733hp", "action_flag": 3, "change_message": ""}}, {"model": "admin.logentry", "pk": 162, "fields": {"action_time": "2021-12-13T13:35:42.387Z", "user": 2, "content_type": 11, "object_id": "31", "object_repr": "88fdint12198x5r8fhyzwyz0w3l6epyb", "action_flag": 3, "change_message": ""}}, {"model": "admin.logentry", "pk": 163, "fields": {"action_time": "2021-12-13T13:35:42.390Z", "user": 2, "content_type": 11, "object_id": "30", "object_repr": "hdpuaut3fjbn8eeqg5wrls9yoz48z96x", "action_flag": 3, "change_message": ""}}, {"model": "admin.logentry", "pk": 164, "fields": {"action_time": "2021-12-13T13:35:42.393Z", "user": 2, "content_type": 11, "object_id": "29", "object_repr": "3tdrd6m0tu7ku0rdqe2qbxm7r9ukvhmz", "action_flag": 3, "change_message": ""}}, {"model": "admin.logentry", "pk": 165, "fields": {"action_time": "2021-12-13T13:35:42.395Z", "user": 2, "content_type": 11, "object_id": "28", "object_repr": "o7hw6oyntz71cnf77d4gpwe39rxrvwoq", "action_flag": 3, "change_message": ""}}, {"model": "admin.logentry", "pk": 166, "fields": {"action_time": "2021-12-13T13:35:42.400Z", "user": 2, "content_type": 11, "object_id": "27", "object_repr": "5txqr8wigeufi61ndhfdet4v2kmmycxv", "action_flag": 3, "change_message": ""}}, {"model": "admin.logentry", "pk": 167, "fields": {"action_time": "2021-12-13T13:35:42.403Z", "user": 2, "content_type": 11, "object_id": "26", "object_repr": "a0kdwvkn6b7owmm9b6ci7j9or1vt3pun", "action_flag": 3, "change_message": ""}}, {"model": "admin.logentry", "pk": 168, "fields": {"action_time": "2021-12-13T13:35:42.405Z", "user": 2, "content_type": 11, "object_id": "25", "object_repr": "7h83nmxsdvn5ctewvi1p8i6f0ah9wyfe", "action_flag": 3, "change_message": ""}}, {"model": "admin.logentry", "pk": 169, "fields": {"action_time": "2021-12-13T13:35:42.407Z", "user": 2, "content_type": 11, "object_id": "24", "object_repr": "cmwziy3hmda30rxf0k00y9wa8fn8494d", "action_flag": 3, "change_message": ""}}, {"model": "admin.logentry", "pk": 170, "fields": {"action_time": "2021-12-13T13:35:42.409Z", "user": 2, "content_type": 11, "object_id": "23", "object_repr": "46za478irt26pzt47nkhim3x2gqrxy9z", "action_flag": 3, "change_message": ""}}, {"model": "admin.logentry", "pk": 171, "fields": {"action_time": "2021-12-13T13:35:42.412Z", "user": 2, "content_type": 11, "object_id": "22", "object_repr": "yodzc4w9830s1zaukltff4j4kz69cabr", "action_flag": 3, "change_message": ""}}, {"model": "admin.logentry", "pk": 172, "fields": {"action_time": "2021-12-13T13:35:42.415Z", "user": 2, "content_type": 11, "object_id": "21", "object_repr": "1o24j8c8lajkjtzlsulyji4fflveuor0", "action_flag": 3, "change_message": ""}}, {"model": "admin.logentry", "pk": 173, "fields": {"action_time": "2021-12-13T13:35:42.417Z", "user": 2, "content_type": 11, "object_id": "20", "object_repr": "g8j30s2qhcl2ktab5bpt7z9e8cmpzxhc", "action_flag": 3, "change_message": ""}}, {"model": "admin.logentry", "pk": 174, "fields": {"action_time": "2021-12-13T13:35:42.419Z", "user": 2, "content_type": 11, "object_id": "19", "object_repr": "ifze92kwy8ooruwxsjshu4jzst2nfudo", "action_flag": 3, "change_message": ""}}, {"model": "admin.logentry", "pk": 175, "fields": {"action_time": "2021-12-13T13:35:42.423Z", "user": 2, "content_type": 11, "object_id": "18", "object_repr": "6cl4jywg40sgfasx0x6t5k499d2bwy7h", "action_flag": 3, "change_message": ""}}, {"model": "admin.logentry", "pk": 176, "fields": {"action_time": "2021-12-13T13:35:42.425Z", "user": 2, "content_type": 11, "object_id": "17", "object_repr": "skm0oxb7p04hl4gtiatzhznr5eepxc2n", "action_flag": 3, "change_message": ""}}, {"model": "admin.logentry", "pk": 177, "fields": {"action_time": "2021-12-13T13:35:42.427Z", "user": 2, "content_type": 11, "object_id": "16", "object_repr": "4ajmiviv1hrjdq9um34fs056a507dhl3", "action_flag": 3, "change_message": ""}}, {"model": "admin.logentry", "pk": 178, "fields": {"action_time": "2021-12-13T13:35:42.430Z", "user": 2, "content_type": 11, "object_id": "15", "object_repr": "urwuzqmf5mhmn9wxe9zny4pw00vejlxz", "action_flag": 3, "change_message": ""}}, {"model": "admin.logentry", "pk": 179, "fields": {"action_time": "2021-12-13T13:35:42.434Z", "user": 2, "content_type": 11, "object_id": "14", "object_repr": "2ay74nc4ogper9hm0w2g3slfypj499wq", "action_flag": 3, "change_message": ""}}, {"model": "admin.logentry", "pk": 180, "fields": {"action_time": "2021-12-13T13:35:42.436Z", "user": 2, "content_type": 11, "object_id": "13", "object_repr": "py5v2s2dv6i8clfi6fxkz0n91mvbfayy", "action_flag": 3, "change_message": ""}}, {"model": "admin.logentry", "pk": 181, "fields": {"action_time": "2021-12-13T13:35:42.438Z", "user": 2, "content_type": 11, "object_id": "12", "object_repr": "zgqlse242l60x9x1xyo4r7bkbk5i2b64", "action_flag": 3, "change_message": ""}}, {"model": "admin.logentry", "pk": 182, "fields": {"action_time": "2021-12-13T13:35:42.440Z", "user": 2, "content_type": 11, "object_id": "11", "object_repr": "koqg1v6unnbv60x1lp2x3ugzz025pz8x", "action_flag": 3, "change_message": ""}}, {"model": "admin.logentry", "pk": 183, "fields": {"action_time": "2021-12-13T13:35:42.443Z", "user": 2, "content_type": 11, "object_id": "10", "object_repr": "rv1rsr1eoo1j3ybvyrzhkgu8arhitsjb", "action_flag": 3, "change_message": ""}}, {"model": "admin.logentry", "pk": 184, "fields": {"action_time": "2021-12-13T13:35:42.446Z", "user": 2, "content_type": 11, "object_id": "9", "object_repr": "utbaru3fl2zwr80ofli5vum9kqw192wc", "action_flag": 3, "change_message": ""}}, {"model": "admin.logentry", "pk": 185, "fields": {"action_time": "2021-12-13T13:35:54.865Z", "user": 2, "content_type": 11, "object_id": "39", "object_repr": "wq3ffh9du3a63o7pxnhuwlo73s822lin", "action_flag": 3, "change_message": ""}}, {"model": "admin.logentry", "pk": 186, "fields": {"action_time": "2021-12-13T13:37:56.490Z", "user": 2, "content_type": 11, "object_id": "46", "object_repr": "zu7y7yxvgwzqwa4xr878j7lsw94sm1xv", "action_flag": 3, "change_message": ""}}, {"model": "admin.logentry", "pk": 187, "fields": {"action_time": "2021-12-13T13:37:56.497Z", "user": 2, "content_type": 11, "object_id": "45", "object_repr": "9iwu5ig4rtt5h9dqn5sq3ol209kj9u1f", "action_flag": 3, "change_message": ""}}, {"model": "admin.logentry", "pk": 188, "fields": {"action_time": "2021-12-13T13:37:56.499Z", "user": 2, "content_type": 11, "object_id": "44", "object_repr": "tjd41471e950rjpc07585dwqzc11r3e6", "action_flag": 3, "change_message": ""}}, {"model": "admin.logentry", "pk": 189, "fields": {"action_time": "2021-12-13T13:37:56.501Z", "user": 2, "content_type": 11, "object_id": "43", "object_repr": "jccdf06qvl58lqu9094r4dx4zauqdppm", "action_flag": 3, "change_message": ""}}, {"model": "admin.logentry", "pk": 190, "fields": {"action_time": "2021-12-13T13:37:56.505Z", "user": 2, "content_type": 11, "object_id": "42", "object_repr": "dr2w8jlvn91ekbhfp9j7ru1rmgz60tyu", "action_flag": 3, "change_message": ""}}, {"model": "admin.logentry", "pk": 191, "fields": {"action_time": "2021-12-13T13:37:56.509Z", "user": 2, "content_type": 11, "object_id": "41", "object_repr": "qm9ydyqjb7g1t5d8h4gbricfcb87cibn", "action_flag": 3, "change_message": ""}}, {"model": "admin.logentry", "pk": 192, "fields": {"action_time": "2021-12-13T13:37:56.511Z", "user": 2, "content_type": 11, "object_id": "40", "object_repr": "wq3ffh9du3a63o7pxnhuwlo73s822lin", "action_flag": 3, "change_message": ""}}, {"model": "admin.logentry", "pk": 193, "fields": {"action_time": "2021-12-13T13:38:21.207Z", "user": 2, "content_type": 11, "object_id": "48", "object_repr": "fhio72wfustj9x14meh0ohfheoyfhr0u", "action_flag": 3, "change_message": ""}}, {"model": "admin.logentry", "pk": 194, "fields": {"action_time": "2021-12-13T13:38:21.214Z", "user": 2, "content_type": 11, "object_id": "47", "object_repr": "zu7y7yxvgwzqwa4xr878j7lsw94sm1xv", "action_flag": 3, "change_message": ""}}, {"model": "admin.logentry", "pk": 195, "fields": {"action_time": "2021-12-13T13:59:12.181Z", "user": 2, "content_type": 11, "object_id": "54", "object_repr": "ea4qglstgi8ekxot3tfhuecnm1w3834u", "action_flag": 3, "change_message": ""}}, {"model": "admin.logentry", "pk": 196, "fields": {"action_time": "2021-12-13T13:59:12.188Z", "user": 2, "content_type": 11, "object_id": "53", "object_repr": "aywwmfwezvxui0uj6v8wpe9857vwiprn", "action_flag": 3, "change_message": ""}}, {"model": "admin.logentry", "pk": 197, "fields": {"action_time": "2021-12-13T13:59:12.191Z", "user": 2, "content_type": 11, "object_id": "52", "object_repr": "d5dgrkkbr7yhv0wdrvhj4o1rmr2755v8", "action_flag": 3, "change_message": ""}}, {"model": "admin.logentry", "pk": 198, "fields": {"action_time": "2021-12-13T13:59:12.193Z", "user": 2, "content_type": 11, "object_id": "51", "object_repr": "iwpy5e6fh6hoie8f1rh6b54gphlfjt9u", "action_flag": 3, "change_message": ""}}, {"model": "admin.logentry", "pk": 199, "fields": {"action_time": "2021-12-13T13:59:12.197Z", "user": 2, "content_type": 11, "object_id": "50", "object_repr": "fhio72wfustj9x14meh0ohfheoyfhr0u", "action_flag": 3, "change_message": ""}}, {"model": "admin.logentry", "pk": 200, "fields": {"action_time": "2021-12-13T13:59:12.200Z", "user": 2, "content_type": 11, "object_id": "49", "object_repr": "zu7y7yxvgwzqwa4xr878j7lsw94sm1xv", "action_flag": 3, "change_message": ""}}, {"model": "admin.logentry", "pk": 201, "fields": {"action_time": "2021-12-13T14:11:18.330Z", "user": 2, "content_type": 11, "object_id": "57", "object_repr": "mqc1l42x4oom59f21q218ifkxczw6s0c", "action_flag": 3, "change_message": ""}}, {"model": "admin.logentry", "pk": 202, "fields": {"action_time": "2021-12-13T14:11:18.342Z", "user": 2, "content_type": 11, "object_id": "56", "object_repr": "0o2h6qcfo56ply2ma79x2ouao7l1gj67", "action_flag": 3, "change_message": ""}}, {"model": "admin.logentry", "pk": 203, "fields": {"action_time": "2021-12-13T14:11:18.344Z", "user": 2, "content_type": 11, "object_id": "55", "object_repr": "e94r69rnmo0sy3k12xa3ejhh8i74ktl0", "action_flag": 3, "change_message": ""}}, {"model": "admin.logentry", "pk": 204, "fields": {"action_time": "2021-12-13T14:35:35.386Z", "user": 2, "content_type": 11, "object_id": "59", "object_repr": "xbbvspocchj89iiq007thym39cw496fw", "action_flag": 3, "change_message": ""}}, {"model": "admin.logentry", "pk": 205, "fields": {"action_time": "2021-12-13T14:35:35.393Z", "user": 2, "content_type": 11, "object_id": "58", "object_repr": "17lxkb5x2o8mht10ngztjaleiodqzgqf", "action_flag": 3, "change_message": ""}}, {"model": "admin.logentry", "pk": 206, "fields": {"action_time": "2021-12-13T14:35:58.240Z", "user": 2, "content_type": 10, "object_id": "116", "object_repr": "ATX-Jeans", "action_flag": 3, "change_message": ""}}, {"model": "admin.logentry", "pk": 207, "fields": {"action_time": "2021-12-13T14:35:58.247Z", "user": 2, "content_type": 10, "object_id": "115", "object_repr": "ATX-Jeans", "action_flag": 3, "change_message": ""}}, {"model": "admin.logentry", "pk": 208, "fields": {"action_time": "2021-12-13T14:40:33.950Z", "user": 2, "content_type": 11, "object_id": "60", "object_repr": "cuhc78rk4578ahybqn92r30trfuzd9mw", "action_flag": 3, "change_message": ""}}, {"model": "admin.logentry", "pk": 209, "fields": {"action_time": "2021-12-13T14:40:39.595Z", "user": 2, "content_type": 10, "object_id": "124", "object_repr": "ATX-Jeans", "action_flag": 3, "change_message": ""}}, {"model": "admin.logentry", "pk": 210, "fields": {"action_time": "2021-12-13T14:40:39.602Z", "user": 2, "content_type": 10, "object_id": "118", "object_repr": "ATX-Jeans", "action_flag": 3, "change_message": ""}}, {"model": "admin.logentry", "pk": 211, "fields": {"action_time": "2021-12-13T14:51:37.841Z", "user": 2, "content_type": 10, "object_id": "126", "object_repr": "ATX-Jeans", "action_flag": 3, "change_message": ""}}, {"model": "admin.logentry", "pk": 212, "fields": {"action_time": "2021-12-13T14:51:37.853Z", "user": 2, "content_type": 10, "object_id": "125", "object_repr": "ATX-Jeans", "action_flag": 3, "change_message": ""}}, {"model": "admin.logentry", "pk": 213, "fields": {"action_time": "2021-12-13T20:12:46.285Z", "user": 2, "content_type": 11, "object_id": "61", "object_repr": "f0y35e87479w4p0n7nvdrwqtfxilb49a", "action_flag": 3, "change_message": ""}}, {"model": "admin.logentry", "pk": 214, "fields": {"action_time": "2021-12-13T20:12:53.059Z", "user": 2, "content_type": 10, "object_id": "127", "object_repr": "ATX-Jeans", "action_flag": 3, "change_message": ""}}, {"model": "admin.logentry", "pk": 215, "fields": {"action_time": "2021-12-13T20:26:55.931Z", "user": 2, "content_type": 10, "object_id": "148", "object_repr": "ATX-Jeans", "action_flag": 3, "change_message": ""}}, {"model": "admin.logentry", "pk": 216, "fields": {"action_time": "2021-12-13T20:27:04.684Z", "user": 2, "content_type": 11, "object_id": "63", "object_repr": "yepsxwtl5e02tbx8dhghdi7mjvtwbejw", "action_flag": 3, "change_message": ""}}, {"model": "admin.logentry", "pk": 217, "fields": {"action_time": "2021-12-13T20:27:04.690Z", "user": 2, "content_type": 11, "object_id": "62", "object_repr": "f0y35e87479w4p0n7nvdrwqtfxilb49a", "action_flag": 3, "change_message": ""}}, {"model": "admin.logentry", "pk": 218, "fields": {"action_time": "2021-12-14T09:30:01.461Z", "user": 2, "content_type": 6, "object_id": "15", "object_repr": "john__doe", "action_flag": 3, "change_message": ""}}, {"model": "admin.logentry", "pk": 219, "fields": {"action_time": "2021-12-14T09:37:51.874Z", "user": 2, "content_type": 6, "object_id": "16", "object_repr": "john__doe", "action_flag": 3, "change_message": ""}}, {"model": "admin.logentry", "pk": 220, "fields": {"action_time": "2021-12-14T09:38:13.366Z", "user": 2, "content_type": 6, "object_id": "18", "object_repr": "e88afaf2-f873-4e63-ac6b-5b20432b8199", "action_flag": 2, "change_message": "[{\"changed\": {\"fields\": [\"Email\"]}}]"}}, {"model": "admin.logentry", "pk": 221, "fields": {"action_time": "2021-12-14T10:43:06.046Z", "user": 2, "content_type": 11, "object_id": "83", "object_repr": "rhbx4vus7c1wj2v7uibemztt61bwwzrg", "action_flag": 3, "change_message": ""}}, {"model": "admin.logentry", "pk": 222, "fields": {"action_time": "2021-12-14T10:43:06.054Z", "user": 2, "content_type": 11, "object_id": "82", "object_repr": "1jn2vlvjy4atjpqi57y5yzheh7sxhacz", "action_flag": 3, "change_message": ""}}, {"model": "admin.logentry", "pk": 223, "fields": {"action_time": "2021-12-14T10:43:06.058Z", "user": 2, "content_type": 11, "object_id": "81", "object_repr": "n8xcl8vyghg3ng17odrwnkw7ulrgd73j", "action_flag": 3, "change_message": ""}}, {"model": "admin.logentry", "pk": 224, "fields": {"action_time": "2021-12-14T10:43:06.062Z", "user": 2, "content_type": 11, "object_id": "80", "object_repr": "6hgr58g8yckzgktvwxlxbx5vadclf2yq", "action_flag": 3, "change_message": ""}}, {"model": "admin.logentry", "pk": 225, "fields": {"action_time": "2021-12-14T10:43:06.064Z", "user": 2, "content_type": 11, "object_id": "79", "object_repr": "4eaj3cxioxxcqp3vryk6zp88lskzm6tw", "action_flag": 3, "change_message": ""}}, {"model": "admin.logentry", "pk": 226, "fields": {"action_time": "2021-12-14T10:43:06.066Z", "user": 2, "content_type": 11, "object_id": "78", "object_repr": "97tklds0anevaw3kn9n60jkgw1p5h0m3", "action_flag": 3, "change_message": ""}}, {"model": "admin.logentry", "pk": 227, "fields": {"action_time": "2021-12-14T10:43:06.069Z", "user": 2, "content_type": 11, "object_id": "77", "object_repr": "069bha6vdir7xq8cl284y4w4n4iy0860", "action_flag": 3, "change_message": ""}}, {"model": "admin.logentry", "pk": 228, "fields": {"action_time": "2021-12-14T10:43:06.071Z", "user": 2, "content_type": 11, "object_id": "76", "object_repr": "h0r3zs5t4vr01l2dp6ivuaqni7qlk3wg", "action_flag": 3, "change_message": ""}}, {"model": "admin.logentry", "pk": 229, "fields": {"action_time": "2021-12-14T10:43:06.073Z", "user": 2, "content_type": 11, "object_id": "75", "object_repr": "8wmkr309z9bf5vo3j8oeydhskbj5quvx", "action_flag": 3, "change_message": ""}}, {"model": "admin.logentry", "pk": 230, "fields": {"action_time": "2021-12-14T10:43:06.077Z", "user": 2, "content_type": 11, "object_id": "74", "object_repr": "xmcpldv2cojycdunkawzc3am0fqzo9bj", "action_flag": 3, "change_message": ""}}, {"model": "admin.logentry", "pk": 231, "fields": {"action_time": "2021-12-14T10:43:06.081Z", "user": 2, "content_type": 11, "object_id": "73", "object_repr": "7jmnhtimlqlelxmuj9rs9mq2h2019rvc", "action_flag": 3, "change_message": ""}}, {"model": "admin.logentry", "pk": 232, "fields": {"action_time": "2021-12-14T10:43:06.083Z", "user": 2, "content_type": 11, "object_id": "72", "object_repr": "e2p93or4sv438bnlr6oc2sda5hw60tz2", "action_flag": 3, "change_message": ""}}, {"model": "admin.logentry", "pk": 233, "fields": {"action_time": "2021-12-14T10:43:06.085Z", "user": 2, "content_type": 11, "object_id": "71", "object_repr": "5vyc9d4ttrxwasoridamd86cfk7a4i7w", "action_flag": 3, "change_message": ""}}, {"model": "admin.logentry", "pk": 234, "fields": {"action_time": "2021-12-14T10:43:06.087Z", "user": 2, "content_type": 11, "object_id": "70", "object_repr": "tb94bbxto77mb9p0r71clue46rqivgfg", "action_flag": 3, "change_message": ""}}, {"model": "admin.logentry", "pk": 235, "fields": {"action_time": "2021-12-14T10:43:06.090Z", "user": 2, "content_type": 11, "object_id": "69", "object_repr": "zbhbk4g767mbo47962e218usq94tv7aw", "action_flag": 3, "change_message": ""}}, {"model": "admin.logentry", "pk": 236, "fields": {"action_time": "2021-12-14T10:43:06.092Z", "user": 2, "content_type": 11, "object_id": "68", "object_repr": "je9c8xebbezqw7py28ngpl9h4lnbrhz8", "action_flag": 3, "change_message": ""}}, {"model": "admin.logentry", "pk": 237, "fields": {"action_time": "2021-12-14T10:43:06.095Z", "user": 2, "content_type": 11, "object_id": "67", "object_repr": "pdfe7xd1kdzfux5s26pj3okk01tsq9if", "action_flag": 3, "change_message": ""}}, {"model": "admin.logentry", "pk": 238, "fields": {"action_time": "2021-12-14T10:43:06.097Z", "user": 2, "content_type": 11, "object_id": "66", "object_repr": "8q61zzchgvg0mwg3fmhq16gsoiddaxsl", "action_flag": 3, "change_message": ""}}, {"model": "admin.logentry", "pk": 239, "fields": {"action_time": "2021-12-14T10:43:06.099Z", "user": 2, "content_type": 11, "object_id": "65", "object_repr": "nlpj090l3z2j5gx51mc2zu35cpwolayu", "action_flag": 3, "change_message": ""}}, {"model": "admin.logentry", "pk": 240, "fields": {"action_time": "2021-12-14T10:43:06.101Z", "user": 2, "content_type": 11, "object_id": "64", "object_repr": "7r2n9gx4eryjh295oeob9nqim52leqok", "action_flag": 3, "change_message": ""}}, {"model": "admin.logentry", "pk": 241, "fields": {"action_time": "2021-12-14T10:43:14.576Z", "user": 2, "content_type": 10, "object_id": "174", "object_repr": "ATX-Jeans", "action_flag": 3, "change_message": ""}}, {"model": "admin.logentry", "pk": 242, "fields": {"action_time": "2021-12-14T10:43:14.582Z", "user": 2, "content_type": 10, "object_id": "173", "object_repr": "ATX-Jeans", "action_flag": 3, "change_message": ""}}, {"model": "admin.logentry", "pk": 243, "fields": {"action_time": "2021-12-14T17:49:13.314Z", "user": 2, "content_type": 15, "object_id": "1", "object_repr": "John", "action_flag": 3, "change_message": ""}}, {"model": "admin.logentry", "pk": 244, "fields": {"action_time": "2021-12-15T05:36:44.633Z", "user": 2, "content_type": 15, "object_id": "17", "object_repr": "John", "action_flag": 3, "change_message": ""}}, {"model": "admin.logentry", "pk": 245, "fields": {"action_time": "2021-12-15T05:36:44.642Z", "user": 2, "content_type": 15, "object_id": "16", "object_repr": "John", "action_flag": 3, "change_message": ""}}, {"model": "admin.logentry", "pk": 246, "fields": {"action_time": "2021-12-15T05:36:44.645Z", "user": 2, "content_type": 15, "object_id": "15", "object_repr": "John", "action_flag": 3, "change_message": ""}}, {"model": "admin.logentry", "pk": 247, "fields": {"action_time": "2021-12-15T05:36:44.647Z", "user": 2, "content_type": 15, "object_id": "14", "object_repr": "John", "action_flag": 3, "change_message": ""}}, {"model": "admin.logentry", "pk": 248, "fields": {"action_time": "2021-12-15T05:36:44.650Z", "user": 2, "content_type": 15, "object_id": "13", "object_repr": "John", "action_flag": 3, "change_message": ""}}, {"model": "admin.logentry", "pk": 249, "fields": {"action_time": "2021-12-15T05:36:44.653Z", "user": 2, "content_type": 15, "object_id": "12", "object_repr": "John", "action_flag": 3, "change_message": ""}}, {"model": "admin.logentry", "pk": 250, "fields": {"action_time": "2021-12-15T05:36:44.655Z", "user": 2, "content_type": 15, "object_id": "11", "object_repr": "John", "action_flag": 3, "change_message": ""}}, {"model": "admin.logentry", "pk": 251, "fields": {"action_time": "2021-12-15T05:36:44.657Z", "user": 2, "content_type": 15, "object_id": "10", "object_repr": "John", "action_flag": 3, "change_message": ""}}, {"model": "admin.logentry", "pk": 252, "fields": {"action_time": "2021-12-15T05:36:44.659Z", "user": 2, "content_type": 15, "object_id": "9", "object_repr": "John", "action_flag": 3, "change_message": ""}}, {"model": "admin.logentry", "pk": 253, "fields": {"action_time": "2021-12-15T05:36:44.662Z", "user": 2, "content_type": 15, "object_id": "8", "object_repr": "John", "action_flag": 3, "change_message": ""}}, {"model": "admin.logentry", "pk": 254, "fields": {"action_time": "2021-12-15T05:36:44.665Z", "user": 2, "content_type": 15, "object_id": "7", "object_repr": "John", "action_flag": 3, "change_message": ""}}, {"model": "admin.logentry", "pk": 255, "fields": {"action_time": "2021-12-15T05:36:44.667Z", "user": 2, "content_type": 15, "object_id": "6", "object_repr": "John", "action_flag": 3, "change_message": ""}}, {"model": "admin.logentry", "pk": 256, "fields": {"action_time": "2021-12-15T05:36:44.669Z", "user": 2, "content_type": 15, "object_id": "5", "object_repr": "John", "action_flag": 3, "change_message": ""}}, {"model": "admin.logentry", "pk": 257, "fields": {"action_time": "2021-12-15T05:36:44.672Z", "user": 2, "content_type": 15, "object_id": "4", "object_repr": "John", "action_flag": 3, "change_message": ""}}, {"model": "admin.logentry", "pk": 258, "fields": {"action_time": "2021-12-15T05:36:44.674Z", "user": 2, "content_type": 15, "object_id": "3", "object_repr": "John", "action_flag": 3, "change_message": ""}}, {"model": "admin.logentry", "pk": 259, "fields": {"action_time": "2021-12-15T05:36:44.676Z", "user": 2, "content_type": 15, "object_id": "2", "object_repr": "John", "action_flag": 3, "change_message": ""}}, {"model": "admin.logentry", "pk": 260, "fields": {"action_time": "2021-12-15T09:09:42.239Z", "user": 2, "content_type": 15, "object_id": "18", "object_repr": "John", "action_flag": 3, "change_message": ""}}, {"model": "admin.logentry", "pk": 261, "fields": {"action_time": "2021-12-15T09:19:29.436Z", "user": 2, "content_type": 15, "object_id": "19", "object_repr": "John", "action_flag": 3, "change_message": ""}}, {"model": "admin.logentry", "pk": 262, "fields": {"action_time": "2021-12-15T09:19:36.498Z", "user": 2, "content_type": 14, "object_id": "1", "object_repr": "1", "action_flag": 3, "change_message": ""}}, {"model": "admin.logentry", "pk": 263, "fields": {"action_time": "2021-12-15T09:32:59.511Z", "user": 2, "content_type": 15, "object_id": "21", "object_repr": "John", "action_flag": 3, "change_message": ""}}, {"model": "admin.logentry", "pk": 264, "fields": {"action_time": "2021-12-15T09:32:59.519Z", "user": 2, "content_type": 15, "object_id": "20", "object_repr": "John", "action_flag": 3, "change_message": ""}}, {"model": "admin.logentry", "pk": 265, "fields": {"action_time": "2021-12-15T09:33:06.064Z", "user": 2, "content_type": 14, "object_id": "3", "object_repr": "3", "action_flag": 3, "change_message": ""}}, {"model": "admin.logentry", "pk": 266, "fields": {"action_time": "2021-12-15T09:33:06.072Z", "user": 2, "content_type": 14, "object_id": "2", "object_repr": "2", "action_flag": 3, "change_message": ""}}, {"model": "admin.logentry", "pk": 267, "fields": {"action_time": "2021-12-15T09:44:33.286Z", "user": 2, "content_type": 9, "object_id": "1", "object_repr": "ATX-Jeans", "action_flag": 2, "change_message": "[{\"changed\": {\"fields\": [\"Stock\"]}}]"}}, {"model": "admin.logentry", "pk": 268, "fields": {"action_time": "2021-12-15T09:58:15.167Z", "user": 2, "content_type": 15, "object_id": "26", "object_repr": "John", "action_flag": 3, "change_message": ""}}, {"model": "admin.logentry", "pk": 269, "fields": {"action_time": "2021-12-15T09:58:15.176Z", "user": 2, "content_type": 15, "object_id": "25", "object_repr": "John", "action_flag": 3, "change_message": ""}}, {"model": "admin.logentry", "pk": 270, "fields": {"action_time": "2021-12-15T09:58:15.178Z", "user": 2, "content_type": 15, "object_id": "24", "object_repr": "John", "action_flag": 3, "change_message": ""}}, {"model": "admin.logentry", "pk": 271, "fields": {"action_time": "2021-12-15T09:58:15.180Z", "user": 2, "content_type": 15, "object_id": "23", "object_repr": "John", "action_flag": 3, "change_message": ""}}, {"model": "admin.logentry", "pk": 272, "fields": {"action_time": "2021-12-15T09:58:15.182Z", "user": 2, "content_type": 15, "object_id": "22", "object_repr": "John", "action_flag": 3, "change_message": ""}}, {"model": "admin.logentry", "pk": 273, "fields": {"action_time": "2021-12-15T09:58:29.975Z", "user": 2, "content_type": 14, "object_id": "8", "object_repr": "8", "action_flag": 3, "change_message": ""}}, {"model": "admin.logentry", "pk": 274, "fields": {"action_time": "2021-12-15T09:58:29.985Z", "user": 2, "content_type": 14, "object_id": "7", "object_repr": "7", "action_flag": 3, "change_message": ""}}, {"model": "admin.logentry", "pk": 275, "fields": {"action_time": "2021-12-15T09:58:29.988Z", "user": 2, "content_type": 14, "object_id": "6", "object_repr": "6", "action_flag": 3, "change_message": ""}}, {"model": "admin.logentry", "pk": 276, "fields": {"action_time": "2021-12-15T09:58:29.990Z", "user": 2, "content_type": 14, "object_id": "5", "object_repr": "5", "action_flag": 3, "change_message": ""}}, {"model": "admin.logentry", "pk": 277, "fields": {"action_time": "2021-12-15T09:58:29.992Z", "user": 2, "content_type": 14, "object_id": "4", "object_repr": "4", "action_flag": 3, "change_message": ""}}, {"model": "admin.logentry", "pk": 278, "fields": {"action_time": "2021-12-15T10:21:09.774Z", "user": 2, "content_type": 15, "object_id": "27", "object_repr": "John", "action_flag": 3, "change_message": ""}}, {"model": "admin.logentry", "pk": 279, "fields": {"action_time": "2021-12-15T11:31:24.852Z", "user": 2, "content_type": 15, "object_id": "30", "object_repr": "John", "action_flag": 3, "change_message": ""}}, {"model": "admin.logentry", "pk": 280, "fields": {"action_time": "2021-12-15T11:31:24.858Z", "user": 2, "content_type": 15, "object_id": "29", "object_repr": "John", "action_flag": 3, "change_message": ""}}, {"model": "admin.logentry", "pk": 281, "fields": {"action_time": "2021-12-15T11:31:24.860Z", "user": 2, "content_type": 15, "object_id": "28", "object_repr": "John", "action_flag": 3, "change_message": ""}}, {"model": "admin.logentry", "pk": 282, "fields": {"action_time": "2021-12-15T11:31:32.509Z", "user": 2, "content_type": 14, "object_id": "12", "object_repr": "12", "action_flag": 3, "change_message": ""}}, {"model": "admin.logentry", "pk": 283, "fields": {"action_time": "2021-12-15T11:31:32.515Z", "user": 2, "content_type": 14, "object_id": "11", "object_repr": "11", "action_flag": 3, "change_message": ""}}, {"model": "admin.logentry", "pk": 284, "fields": {"action_time": "2021-12-15T11:31:32.517Z", "user": 2, "content_type": 14, "object_id": "10", "object_repr": "10", "action_flag": 3, "change_message": ""}}, {"model": "admin.logentry", "pk": 285, "fields": {"action_time": "2021-12-15T14:19:57.502Z", "user": 2, "content_type": 6, "object_id": "18", "object_repr": "John", "action_flag": 3, "change_message": ""}}, {"model": "admin.logentry", "pk": 286, "fields": {"action_time": "2021-12-15T14:20:42.057Z", "user": 2, "content_type": 6, "object_id": "19", "object_repr": "John", "action_flag": 3, "change_message": ""}}, {"model": "admin.logentry", "pk": 287, "fields": {"action_time": "2021-12-15T14:22:36.071Z", "user": 2, "content_type": 6, "object_id": "20", "object_repr": "John", "action_flag": 2, "change_message": "[{\"changed\": {\"fields\": [\"Email\"]}}]"}}, {"model": "admin.logentry", "pk": 288, "fields": {"action_time": "2021-12-16T08:58:09.857Z", "user": 2, "content_type": 16, "object_id": "2", "object_repr": "subject 001", "action_flag": 1, "change_message": "[{\"added\": {}}]"}}, {"model": "admin.logentry", "pk": 289, "fields": {"action_time": "2021-12-16T09:10:50.624Z", "user": 2, "content_type": 16, "object_id": "2", "object_repr": "subject 001", "action_flag": 2, "change_message": "[{\"changed\": {\"fields\": [\"Rating\"]}}]"}}, {"model": "admin.logentry", "pk": 290, "fields": {"action_time": "2021-12-16T09:50:59.871Z", "user": 2, "content_type": 16, "object_id": "1", "object_repr": "test subject 003", "action_flag": 2, "change_message": "[{\"changed\": {\"fields\": [\"Rating\"]}}]"}}, {"model": "admin.logentry", "pk": 291, "fields": {"action_time": "2021-12-16T10:05:01.912Z", "user": 2, "content_type": 16, "object_id": "1", "object_repr": "test subject 003", "action_flag": 2, "change_message": "[{\"changed\": {\"fields\": [\"Rating\"]}}]"}}, {"model": "admin.logentry", "pk": 292, "fields": {"action_time": "2021-12-16T10:05:14.508Z", "user": 2, "content_type": 16, "object_id": "1", "object_repr": "test subject 003", "action_flag": 2, "change_message": "[{\"changed\": {\"fields\": [\"Rating\"]}}]"}}, {"model": "admin.logentry", "pk": 293, "fields": {"action_time": "2021-12-16T10:15:14.002Z", "user": 2, "content_type": 16, "object_id": "1", "object_repr": "test subject 003", "action_flag": 2, "change_message": "[{\"changed\": {\"fields\": [\"Rating\"]}}]"}}, {"model": "admin.logentry", "pk": 294, "fields": {"action_time": "2021-12-16T10:16:13.686Z", "user": 2, "content_type": 16, "object_id": "1", "object_repr": "test subject 003", "action_flag": 2, "change_message": "[{\"changed\": {\"fields\": [\"Rating\"]}}]"}}, {"model": "admin.logentry", "pk": 295, "fields": {"action_time": "2021-12-16T10:17:11.267Z", "user": 2, "content_type": 16, "object_id": "2", "object_repr": "subject 001", "action_flag": 2, "change_message": "[{\"changed\": {\"fields\": [\"Rating\"]}}]"}}, {"model": "admin.logentry", "pk": 296, "fields": {"action_time": "2021-12-16T10:17:25.758Z", "user": 2, "content_type": 16, "object_id": "2", "object_repr": "subject 001", "action_flag": 2, "change_message": "[{\"changed\": {\"fields\": [\"Rating\"]}}]"}}, {"model": "admin.logentry", "pk": 297, "fields": {"action_time": "2021-12-16T10:20:04.283Z", "user": 2, "content_type": 16, "object_id": "2", "object_repr": "subject 001", "action_flag": 2, "change_message": "[{\"changed\": {\"fields\": [\"Rating\"]}}]"}}, {"model": "admin.logentry", "pk": 298, "fields": {"action_time": "2021-12-16T10:20:17.885Z", "user": 2, "content_type": 16, "object_id": "2", "object_repr": "subject 001", "action_flag": 2, "change_message": "[{\"changed\": {\"fields\": [\"Rating\"]}}]"}}, {"model": "admin.logentry", "pk": 299, "fields": {"action_time": "2021-12-16T10:21:07.217Z", "user": 2, "content_type": 16, "object_id": "2", "object_repr": "subject 001", "action_flag": 2, "change_message": "[{\"changed\": {\"fields\": [\"Rating\"]}}]"}}, {"model": "admin.logentry", "pk": 300, "fields": {"action_time": "2021-12-16T10:21:18.828Z", "user": 2, "content_type": 16, "object_id": "1", "object_repr": "test subject 003", "action_flag": 2, "change_message": "[{\"changed\": {\"fields\": [\"Rating\"]}}]"}}, {"model": "admin.logentry", "pk": 301, "fields": {"action_time": "2021-12-16T10:21:27.369Z", "user": 2, "content_type": 16, "object_id": "1", "object_repr": "test subject 003", "action_flag": 2, "change_message": "[]"}}, {"model": "admin.logentry", "pk": 302, "fields": {"action_time": "2021-12-16T10:21:33.507Z", "user": 2, "content_type": 16, "object_id": "2", "object_repr": "subject 001", "action_flag": 2, "change_message": "[{\"changed\": {\"fields\": [\"Rating\"]}}]"}}, {"model": "admin.logentry", "pk": 303, "fields": {"action_time": "2021-12-16T10:21:44.588Z", "user": 2, "content_type": 16, "object_id": "1", "object_repr": "test subject 003", "action_flag": 2, "change_message": "[{\"changed\": {\"fields\": [\"Rating\"]}}]"}}, {"model": "admin.logentry", "pk": 304, "fields": {"action_time": "2021-12-16T10:21:47.878Z", "user": 2, "content_type": 16, "object_id": "1", "object_repr": "test subject 003", "action_flag": 2, "change_message": "[]"}}, {"model": "admin.logentry", "pk": 305, "fields": {"action_time": "2021-12-16T10:21:53.767Z", "user": 2, "content_type": 16, "object_id": "2", "object_repr": "subject 001", "action_flag": 2, "change_message": "[{\"changed\": {\"fields\": [\"Rating\"]}}]"}}, {"model": "admin.logentry", "pk": 306, "fields": {"action_time": "2021-12-16T10:42:31.704Z", "user": 2, "content_type": 16, "object_id": "1", "object_repr": "good product", "action_flag": 2, "change_message": "[{\"changed\": {\"fields\": [\"Rating\"]}}]"}}, {"model": "admin.logentry", "pk": 307, "fields": {"action_time": "2021-12-16T10:49:33.907Z", "user": 2, "content_type": 16, "object_id": "1", "object_repr": "good product", "action_flag": 2, "change_message": "[{\"changed\": {\"fields\": [\"Rating\"]}}]"}}, {"model": "admin.logentry", "pk": 308, "fields": {"action_time": "2021-12-16T10:52:31.486Z", "user": 2, "content_type": 16, "object_id": "2", "object_repr": "subject 001", "action_flag": 2, "change_message": "[{\"changed\": {\"fields\": [\"Rating\"]}}]"}}, {"model": "admin.logentry", "pk": 309, "fields": {"action_time": "2021-12-16T11:04:15.484Z", "user": 2, "content_type": 16, "object_id": "2", "object_repr": "subject 001", "action_flag": 3, "change_message": ""}}, {"model": "admin.logentry", "pk": 310, "fields": {"action_time": "2021-12-16T11:04:15.492Z", "user": 2, "content_type": 16, "object_id": "1", "object_repr": "good product", "action_flag": 3, "change_message": ""}}, {"model": "admin.logentry", "pk": 311, "fields": {"action_time": "2021-12-16T11:08:54.256Z", "user": 2, "content_type": 13, "object_id": "21", "object_repr": "ATX-Jeans", "action_flag": 3, "change_message": ""}}, {"model": "admin.logentry", "pk": 312, "fields": {"action_time": "2021-12-16T11:08:54.264Z", "user": 2, "content_type": 13, "object_id": "20", "object_repr": "ATX-Jeans", "action_flag": 3, "change_message": ""}}, {"model": "admin.logentry", "pk": 313, "fields": {"action_time": "2021-12-16T11:36:22.649Z", "user": 2, "content_type": 16, "object_id": "3", "object_repr": "good product", "action_flag": 2, "change_message": "[{\"changed\": {\"fields\": [\"Rating\"]}}]"}}, {"model": "admin.logentry", "pk": 314, "fields": {"action_time": "2021-12-16T11:48:33.392Z", "user": 2, "content_type": 16, "object_id": "4", "object_repr": "not bad", "action_flag": 2, "change_message": "[{\"changed\": {\"fields\": [\"Rating\"]}}]"}}, {"model": "admin.logentry", "pk": 315, "fields": {"action_time": "2021-12-16T11:50:11.255Z", "user": 2, "content_type": 16, "object_id": "3", "object_repr": "good product", "action_flag": 2, "change_message": "[{\"changed\": {\"fields\": [\"Rating\"]}}]"}}, {"model": "admin.logentry", "pk": 316, "fields": {"action_time": "2021-12-16T11:50:36.600Z", "user": 2, "content_type": 16, "object_id": "3", "object_repr": "good product", "action_flag": 2, "change_message": "[{\"changed\": {\"fields\": [\"Rating\"]}}]"}}, {"model": "admin.logentry", "pk": 317, "fields": {"action_time": "2021-12-16T12:01:31.958Z", "user": 2, "content_type": 16, "object_id": "4", "object_repr": "not bad", "action_flag": 2, "change_message": "[{\"changed\": {\"fields\": [\"Rating\"]}}]"}}, {"model": "admin.logentry", "pk": 318, "fields": {"action_time": "2021-12-16T12:01:52.392Z", "user": 2, "content_type": 16, "object_id": "3", "object_repr": "good product", "action_flag": 2, "change_message": "[{\"changed\": {\"fields\": [\"Rating\"]}}]"}}, {"model": "admin.logentry", "pk": 319, "fields": {"action_time": "2021-12-16T12:07:02.126Z", "user": 2, "content_type": 16, "object_id": "4", "object_repr": "not bad", "action_flag": 2, "change_message": "[{\"changed\": {\"fields\": [\"Rating\"]}}]"}}, {"model": "admin.logentry", "pk": 320, "fields": {"action_time": "2021-12-16T18:18:37.765Z", "user": 2, "content_type": 17, "object_id": "1", "object_repr": "John", "action_flag": 1, "change_message": "[{\"added\": {}}]"}}, {"model": "admin.logentry", "pk": 321, "fields": {"action_time": "2021-12-16T19:19:20.575Z", "user": 2, "content_type": 15, "object_id": "38", "object_repr": "Oybek", "action_flag": 3, "change_message": ""}}, {"model": "admin.logentry", "pk": 322, "fields": {"action_time": "2021-12-16T19:19:20.581Z", "user": 2, "content_type": 15, "object_id": "37", "object_repr": "John", "action_flag": 3, "change_message": ""}}, {"model": "admin.logentry", "pk": 323, "fields": {"action_time": "2021-12-16T19:19:20.584Z", "user": 2, "content_type": 15, "object_id": "36", "object_repr": "John", "action_flag": 3, "change_message": ""}}, {"model": "admin.logentry", "pk": 324, "fields": {"action_time": "2021-12-16T19:19:20.587Z", "user": 2, "content_type": 15, "object_id": "35", "object_repr": "John", "action_flag": 3, "change_message": ""}}, {"model": "admin.logentry", "pk": 325, "fields": {"action_time": "2021-12-16T19:19:20.589Z", "user": 2, "content_type": 15, "object_id": "34", "object_repr": "John", "action_flag": 3, "change_message": ""}}, {"model": "admin.logentry", "pk": 326, "fields": {"action_time": "2021-12-16T19:19:20.591Z", "user": 2, "content_type": 15, "object_id": "33", "object_repr": "John", "action_flag": 3, "change_message": ""}}, {"model": "admin.logentry", "pk": 327, "fields": {"action_time": "2021-12-16T19:19:20.594Z", "user": 2, "content_type": 15, "object_id": "32", "object_repr": "John", "action_flag": 3, "change_message": ""}}, {"model": "admin.logentry", "pk": 328, "fields": {"action_time": "2021-12-16T19:19:20.597Z", "user": 2, "content_type": 15, "object_id": "31", "object_repr": "John", "action_flag": 3, "change_message": ""}}, {"model": "admin.logentry", "pk": 329, "fields": {"action_time": "2021-12-16T19:19:31.471Z", "user": 2, "content_type": 14, "object_id": "19", "object_repr": "19", "action_flag": 3, "change_message": ""}}, {"model": "admin.logentry", "pk": 330, "fields": {"action_time": "2021-12-16T19:19:31.477Z", "user": 2, "content_type": 14, "object_id": "18", "object_repr": "18", "action_flag": 3, "change_message": ""}}, {"model": "admin.logentry", "pk": 331, "fields": {"action_time": "2021-12-16T19:19:31.480Z", "user": 2, "content_type": 14, "object_id": "17", "object_repr": "17", "action_flag": 3, "change_message": ""}}, {"model": "admin.logentry", "pk": 332, "fields": {"action_time": "2021-12-16T19:19:31.482Z", "user": 2, "content_type": 14, "object_id": "16", "object_repr": "16", "action_flag": 3, "change_message": ""}}, {"model": "admin.logentry", "pk": 333, "fields": {"action_time": "2021-12-16T19:29:03.111Z", "user": 2, "content_type": 12, "object_id": "31", "object_repr": "Small", "action_flag": 1, "change_message": "[{\"added\": {}}]"}}, {"model": "admin.logentry", "pk": 334, "fields": {"action_time": "2021-12-16T19:29:16.155Z", "user": 2, "content_type": 12, "object_id": "32", "object_repr": "Larga", "action_flag": 1, "change_message": "[{\"added\": {}}]"}}, {"model": "admin.logentry", "pk": 335, "fields": {"action_time": "2021-12-16T19:29:26.650Z", "user": 2, "content_type": 12, "object_id": "33", "object_repr": "Blue", "action_flag": 1, "change_message": "[{\"added\": {}}]"}}, {"model": "admin.logentry", "pk": 336, "fields": {"action_time": "2021-12-16T19:29:36.389Z", "user": 2, "content_type": 12, "object_id": "34", "object_repr": "Green", "action_flag": 1, "change_message": "[{\"added\": {}}]"}}, {"model": "admin.logentry", "pk": 337, "fields": {"action_time": "2021-12-16T19:37:29.547Z", "user": 2, "content_type": 17, "object_id": "1", "object_repr": "John", "action_flag": 3, "change_message": ""}}, {"model": "admin.logentry", "pk": 338, "fields": {"action_time": "2021-12-16T19:40:00.480Z", "user": 2, "content_type": 17, "object_id": "2", "object_repr": "John", "action_flag": 3, "change_message": ""}}, {"model": "admin.logentry", "pk": 339, "fields": {"action_time": "2021-12-16T19:40:09.406Z", "user": 2, "content_type": 6, "object_id": "21", "object_repr": "John", "action_flag": 3, "change_message": ""}}, {"model": "admin.logentry", "pk": 340, "fields": {"action_time": "2021-12-16T19:40:09.410Z", "user": 2, "content_type": 6, "object_id": "20", "object_repr": "John", "action_flag": 3, "change_message": ""}}, {"model": "admin.logentry", "pk": 341, "fields": {"action_time": "2021-12-16T19:40:46.728Z", "user": 2, "content_type": 6, "object_id": "22", "object_repr": "John", "action_flag": 3, "change_message": ""}}, {"model": "admin.logentry", "pk": 342, "fields": {"action_time": "2021-12-16T19:41:13.120Z", "user": 2, "content_type": 6, "object_id": "23", "object_repr": "John", "action_flag": 3, "change_message": ""}}, {"model": "admin.logentry", "pk": 343, "fields": {"action_time": "2021-12-16T19:42:41.695Z", "user": 2, "content_type": 6, "object_id": "24", "object_repr": "John", "action_flag": 2, "change_message": "[{\"changed\": {\"fields\": [\"Email\"]}}]"}}, {"model": "admin.logentry", "pk": 344, "fields": {"action_time": "2021-12-16T19:43:24.294Z", "user": 2, "content_type": 12, "object_id": "35", "object_repr": "Black", "action_flag": 1, "change_message": "[{\"added\": {}}]"}}, {"model": "admin.logentry", "pk": 345, "fields": {"action_time": "2021-12-16T19:43:39.190Z", "user": 2, "content_type": 12, "object_id": "36", "object_repr": "Medium", "action_flag": 1, "change_message": "[{\"added\": {}}]"}}, {"model": "admin.logentry", "pk": 346, "fields": {"action_time": "2021-12-16T19:43:57.585Z", "user": 2, "content_type": 12, "object_id": "37", "object_repr": "Blue", "action_flag": 1, "change_message": "[{\"added\": {}}]"}}, {"model": "admin.logentry", "pk": 347, "fields": {"action_time": "2021-12-16T19:44:04.902Z", "user": 2, "content_type": 12, "object_id": "38", "object_repr": "Small", "action_flag": 1, "change_message": "[{\"added\": {}}]"}}, {"model": "admin.logentry", "pk": 348, "fields": {"action_time": "2021-12-16T19:44:16.256Z", "user": 2, "content_type": 12, "object_id": "39", "object_repr": "Small", "action_flag": 1, "change_message": "[{\"added\": {}}]"}}, {"model": "admin.logentry", "pk": 349, "fields": {"action_time": "2021-12-16T19:44:31.311Z", "user": 2, "content_type": 12, "object_id": "40", "object_repr": "Grey", "action_flag": 1, "change_message": "[{\"added\": {}}]"}}, {"model": "admin.logentry", "pk": 350, "fields": {"action_time": "2021-12-16T19:44:43.578Z", "user": 2, "content_type": 12, "object_id": "41", "object_repr": "Medium", "action_flag": 1, "change_message": "[{\"added\": {}}]"}}, {"model": "admin.logentry", "pk": 351, "fields": {"action_time": "2021-12-16T19:44:52.346Z", "user": 2, "content_type": 12, "object_id": "42", "object_repr": "Brown", "action_flag": 1, "change_message": "[{\"added\": {}}]"}}, {"model": "admin.logentry", "pk": 352, "fields": {"action_time": "2021-12-16T19:45:04.047Z", "user": 2, "content_type": 12, "object_id": "43", "object_repr": "Blue", "action_flag": 1, "change_message": "[{\"added\": {}}]"}}, {"model": "admin.logentry", "pk": 353, "fields": {"action_time": "2021-12-16T19:45:12.533Z", "user": 2, "content_type": 12, "object_id": "44", "object_repr": "Medium", "action_flag": 1, "change_message": "[{\"added\": {}}]"}}, {"model": "admin.logentry", "pk": 354, "fields": {"action_time": "2021-12-16T19:45:25.803Z", "user": 2, "content_type": 12, "object_id": "45", "object_repr": "White", "action_flag": 1, "change_message": "[{\"added\": {}}]"}}, {"model": "admin.logentry", "pk": 355, "fields": {"action_time": "2021-12-16T19:45:32.214Z", "user": 2, "content_type": 12, "object_id": "46", "object_repr": "Medium", "action_flag": 1, "change_message": "[{\"added\": {}}]"}}, {"model": "admin.logentry", "pk": 356, "fields": {"action_time": "2021-12-16T19:45:40.732Z", "user": 2, "content_type": 12, "object_id": "47", "object_repr": "Small", "action_flag": 1, "change_message": "[{\"added\": {}}]"}}, {"model": "admin.logentry", "pk": 357, "fields": {"action_time": "2021-12-16T19:45:51.864Z", "user": 2, "content_type": 12, "object_id": "48", "object_repr": "Red", "action_flag": 1, "change_message": "[{\"added\": {}}]"}}, {"model": "admin.logentry", "pk": 358, "fields": {"action_time": "2021-12-16T19:46:38.153Z", "user": 2, "content_type": 12, "object_id": "32", "object_repr": "Large", "action_flag": 2, "change_message": "[{\"changed\": {\"fields\": [\"Value\"]}}]"}}, {"model": "admin.logentry", "pk": 359, "fields": {"action_time": "2021-12-16T20:27:36.431Z", "user": 2, "content_type": 18, "object_id": "1", "object_repr": "ATX-Jeans", "action_flag": 1, "change_message": "[{\"added\": {}}]"}}, {"model": "admin.logentry", "pk": 360, "fields": {"action_time": "2021-12-16T20:28:27.954Z", "user": 2, "content_type": 9, "object_id": "1", "object_repr": "ATX-Jeans", "action_flag": 2, "change_message": "[{\"changed\": {\"name\": \"product gallery\", \"object\": \"ATX-Jeans\", \"fields\": [\"Image\"]}}]"}}, {"model": "admin.logentry", "pk": 361, "fields": {"action_time": "2021-12-16T20:28:48.062Z", "user": 2, "content_type": 9, "object_id": "1", "object_repr": "ATX-Jeans", "action_flag": 2, "change_message": "[{\"added\": {\"name\": \"product gallery\", \"object\": \"ATX-Jeans\"}}, {\"added\": {\"name\": \"product gallery\", \"object\": \"ATX-Jeans\"}}]"}}, {"model": "admin.logentry", "pk": 362, "fields": {"action_time": "2021-12-16T20:52:00.289Z", "user": 2, "content_type": 9, "object_id": "1", "object_repr": "ATX-Jeans", "action_flag": 2, "change_message": "[{\"deleted\": {\"name\": \"product gallery\", \"object\": \"ATX-Jeans\"}}, {\"deleted\": {\"name\": \"product gallery\", \"object\": \"ATX-Jeans\"}}]"}}, {"model": "admin.logentry", "pk": 363, "fields": {"action_time": "2021-12-16T20:52:14.051Z", "user": 2, "content_type": 9, "object_id": "1", "object_repr": "ATX-Jeans", "action_flag": 2, "change_message": "[{\"added\": {\"name\": \"product gallery\", \"object\": \"ATX-Jeans\"}}]"}}, {"model": "auth.permission", "pk": 1, "fields": {"name": "Can add log entry", "content_type": 1, "codename": "add_logentry"}}, {"model": "auth.permission", "pk": 2, "fields": {"name": "Can change log entry", "content_type": 1, "codename": "change_logentry"}}, {"model": "auth.permission", "pk": 3, "fields": {"name": "Can delete log entry", "content_type": 1, "codename": "delete_logentry"}}, {"model": "auth.permission", "pk": 4, "fields": {"name": "Can view log entry", "content_type": 1, "codename": "view_logentry"}}, {"model": "auth.permission", "pk": 5, "fields": {"name": "Can add permission", "content_type": 2, "codename": "add_permission"}}, {"model": "auth.permission", "pk": 6, "fields": {"name": "Can change permission", "content_type": 2, "codename": "change_permission"}}, {"model": "auth.permission", "pk": 7, "fields": {"name": "Can delete permission", "content_type": 2, "codename": "delete_permission"}}, {"model": "auth.permission", "pk": 8, "fields": {"name": "Can view permission", "content_type": 2, "codename": "view_permission"}}, {"model": "auth.permission", "pk": 9, "fields": {"name": "Can add group", "content_type": 3, "codename": "add_group"}}, {"model": "auth.permission", "pk": 10, "fields": {"name": "Can change group", "content_type": 3, "codename": "change_group"}}, {"model": "auth.permission", "pk": 11, "fields": {"name": "Can delete group", "content_type": 3, "codename": "delete_group"}}, {"model": "auth.permission", "pk": 12, "fields": {"name": "Can view group", "content_type": 3, "codename": "view_group"}}, {"model": "auth.permission", "pk": 13, "fields": {"name": "Can add content type", "content_type": 4, "codename": "add_contenttype"}}, {"model": "auth.permission", "pk": 14, "fields": {"name": "Can change content type", "content_type": 4, "codename": "change_contenttype"}}, {"model": "auth.permission", "pk": 15, "fields": {"name": "Can delete content type", "content_type": 4, "codename": "delete_contenttype"}}, {"model": "auth.permission", "pk": 16, "fields": {"name": "Can view content type", "content_type": 4, "codename": "view_contenttype"}}, {"model": "auth.permission", "pk": 17, "fields": {"name": "Can add session", "content_type": 5, "codename": "add_session"}}, {"model": "auth.permission", "pk": 18, "fields": {"name": "Can change session", "content_type": 5, "codename": "change_session"}}, {"model": "auth.permission", "pk": 19, "fields": {"name": "Can delete session", "content_type": 5, "codename": "delete_session"}}, {"model": "auth.permission", "pk": 20, "fields": {"name": "Can view session", "content_type": 5, "codename": "view_session"}}, {"model": "auth.permission", "pk": 21, "fields": {"name": "Can add account", "content_type": 6, "codename": "add_account"}}, {"model": "auth.permission", "pk": 22, "fields": {"name": "Can change account", "content_type": 6, "codename": "change_account"}}, {"model": "auth.permission", "pk": 23, "fields": {"name": "Can delete account", "content_type": 6, "codename": "delete_account"}}, {"model": "auth.permission", "pk": 24, "fields": {"name": "Can view account", "content_type": 6, "codename": "view_account"}}, {"model": "auth.permission", "pk": 25, "fields": {"name": "Can add category", "content_type": 7, "codename": "add_category"}}, {"model": "auth.permission", "pk": 26, "fields": {"name": "Can change category", "content_type": 7, "codename": "change_category"}}, {"model": "auth.permission", "pk": 27, "fields": {"name": "Can delete category", "content_type": 7, "codename": "delete_category"}}, {"model": "auth.permission", "pk": 28, "fields": {"name": "Can view category", "content_type": 7, "codename": "view_category"}}, {"model": "auth.permission", "pk": 29, "fields": {"name": "Can add product", "content_type": 8, "codename": "add_product"}}, {"model": "auth.permission", "pk": 30, "fields": {"name": "Can change product", "content_type": 8, "codename": "change_product"}}, {"model": "auth.permission", "pk": 31, "fields": {"name": "Can delete product", "content_type": 8, "codename": "delete_product"}}, {"model": "auth.permission", "pk": 32, "fields": {"name": "Can view product", "content_type": 8, "codename": "view_product"}}, {"model": "auth.permission", "pk": 33, "fields": {"name": "Can add product", "content_type": 9, "codename": "add_product"}}, {"model": "auth.permission", "pk": 34, "fields": {"name": "Can change product", "content_type": 9, "codename": "change_product"}}, {"model": "auth.permission", "pk": 35, "fields": {"name": "Can delete product", "content_type": 9, "codename": "delete_product"}}, {"model": "auth.permission", "pk": 36, "fields": {"name": "Can view product", "content_type": 9, "codename": "view_product"}}, {"model": "auth.permission", "pk": 37, "fields": {"name": "Can add cart item", "content_type": 10, "codename": "add_cartitem"}}, {"model": "auth.permission", "pk": 38, "fields": {"name": "Can change cart item", "content_type": 10, "codename": "change_cartitem"}}, {"model": "auth.permission", "pk": 39, "fields": {"name": "Can delete cart item", "content_type": 10, "codename": "delete_cartitem"}}, {"model": "auth.permission", "pk": 40, "fields": {"name": "Can view cart item", "content_type": 10, "codename": "view_cartitem"}}, {"model": "auth.permission", "pk": 41, "fields": {"name": "Can add cart", "content_type": 11, "codename": "add_cart"}}, {"model": "auth.permission", "pk": 42, "fields": {"name": "Can change cart", "content_type": 11, "codename": "change_cart"}}, {"model": "auth.permission", "pk": 43, "fields": {"name": "Can delete cart", "content_type": 11, "codename": "delete_cart"}}, {"model": "auth.permission", "pk": 44, "fields": {"name": "Can view cart", "content_type": 11, "codename": "view_cart"}}, {"model": "auth.permission", "pk": 45, "fields": {"name": "Can add variation", "content_type": 12, "codename": "add_variation"}}, {"model": "auth.permission", "pk": 46, "fields": {"name": "Can change variation", "content_type": 12, "codename": "change_variation"}}, {"model": "auth.permission", "pk": 47, "fields": {"name": "Can delete variation", "content_type": 12, "codename": "delete_variation"}}, {"model": "auth.permission", "pk": 48, "fields": {"name": "Can view variation", "content_type": 12, "codename": "view_variation"}}, {"model": "auth.permission", "pk": 49, "fields": {"name": "Can add order product", "content_type": 13, "codename": "add_orderproduct"}}, {"model": "auth.permission", "pk": 50, "fields": {"name": "Can change order product", "content_type": 13, "codename": "change_orderproduct"}}, {"model": "auth.permission", "pk": 51, "fields": {"name": "Can delete order product", "content_type": 13, "codename": "delete_orderproduct"}}, {"model": "auth.permission", "pk": 52, "fields": {"name": "Can view order product", "content_type": 13, "codename": "view_orderproduct"}}, {"model": "auth.permission", "pk": 53, "fields": {"name": "Can add payment", "content_type": 14, "codename": "add_payment"}}, {"model": "auth.permission", "pk": 54, "fields": {"name": "Can change payment", "content_type": 14, "codename": "change_payment"}}, {"model": "auth.permission", "pk": 55, "fields": {"name": "Can delete payment", "content_type": 14, "codename": "delete_payment"}}, {"model": "auth.permission", "pk": 56, "fields": {"name": "Can view payment", "content_type": 14, "codename": "view_payment"}}, {"model": "auth.permission", "pk": 57, "fields": {"name": "Can add order", "content_type": 15, "codename": "add_order"}}, {"model": "auth.permission", "pk": 58, "fields": {"name": "Can change order", "content_type": 15, "codename": "change_order"}}, {"model": "auth.permission", "pk": 59, "fields": {"name": "Can delete order", "content_type": 15, "codename": "delete_order"}}, {"model": "auth.permission", "pk": 60, "fields": {"name": "Can view order", "content_type": 15, "codename": "view_order"}}, {"model": "auth.permission", "pk": 61, "fields": {"name": "Can add review", "content_type": 16, "codename": "add_review"}}, {"model": "auth.permission", "pk": 62, "fields": {"name": "Can change review", "content_type": 16, "codename": "change_review"}}, {"model": "auth.permission", "pk": 63, "fields": {"name": "Can delete review", "content_type": 16, "codename": "delete_review"}}, {"model": "auth.permission", "pk": 64, "fields": {"name": "Can view review", "content_type": 16, "codename": "view_review"}}, {"model": "auth.permission", "pk": 65, "fields": {"name": "Can add user profile", "content_type": 17, "codename": "add_userprofile"}}, {"model": "auth.permission", "pk": 66, "fields": {"name": "Can change user profile", "content_type": 17, "codename": "change_userprofile"}}, {"model": "auth.permission", "pk": 67, "fields": {"name": "Can delete user profile", "content_type": 17, "codename": "delete_userprofile"}}, {"model": "auth.permission", "pk": 68, "fields": {"name": "Can view user profile", "content_type": 17, "codename": "view_userprofile"}}, {"model": "auth.permission", "pk": 69, "fields": {"name": "Can add product gallery", "content_type": 18, "codename": "add_productgallery"}}, {"model": "auth.permission", "pk": 70, "fields": {"name": "Can change product gallery", "content_type": 18, "codename": "change_productgallery"}}, {"model": "auth.permission", "pk": 71, "fields": {"name": "Can delete product gallery", "content_type": 18, "codename": "delete_productgallery"}}, {"model": "auth.permission", "pk": 72, "fields": {"name": "Can view product gallery", "content_type": 18, "codename": "view_productgallery"}}, {"model": "auth.permission", "pk": 73, "fields": {"name": "Can add login attempt", "content_type": 19, "codename": "add_loginattempt"}}, {"model": "auth.permission", "pk": 74, "fields": {"name": "Can change login attempt", "content_type": 19, "codename": "change_loginattempt"}}, {"model": "auth.permission", "pk": 75, "fields": {"name": "Can delete login attempt", "content_type": 19, "codename": "delete_loginattempt"}}, {"model": "auth.permission", "pk": 76, "fields": {"name": "Can view login attempt", "content_type": 19, "codename": "view_loginattempt"}}, {"model": "contenttypes.contenttype", "pk": 1, "fields": {"app_label": "admin", "model": "logentry"}}, {"model": "contenttypes.contenttype", "pk": 2, "fields": {"app_label": "auth", "model": "permission"}}, {"model": "contenttypes.contenttype", "pk": 3, "fields": {"app_label": "auth", "model": "group"}}, {"model": "contenttypes.contenttype", "pk": 4, "fields": {"app_label": "contenttypes", "model": "contenttype"}}, {"model": "contenttypes.contenttype", "pk": 5, "fields": {"app_label": "sessions", "model": "session"}}, {"model": "contenttypes.contenttype", "pk": 6, "fields": {"app_label": "accounts", "model": "account"}}, {"model": "contenttypes.contenttype", "pk": 7, "fields": {"app_label": "category", "model": "category"}}, {"model": "contenttypes.contenttype", "pk": 8, "fields": {"app_label": "products", "model": "product"}}, {"model": "contenttypes.contenttype", "pk": 9, "fields": {"app_label": "store", "model": "product"}}, {"model": "contenttypes.contenttype", "pk": 10, "fields": {"app_label": "carts", "model": "cartitem"}}, {"model": "contenttypes.contenttype", "pk": 11, "fields": {"app_label": "carts", "model": "cart"}}, {"model": "contenttypes.contenttype", "pk": 12, "fields": {"app_label": "store", "model": "variation"}}, {"model": "contenttypes.contenttype", "pk": 13, "fields": {"app_label": "orders", "model": "orderproduct"}}, {"model": "contenttypes.contenttype", "pk": 14, "fields": {"app_label": "orders", "model": "payment"}}, {"model": "contenttypes.contenttype", "pk": 15, "fields": {"app_label": "orders", "model": "order"}}, {"model": "contenttypes.contenttype", "pk": 16, "fields": {"app_label": "store", "model": "review"}}, {"model": "contenttypes.contenttype", "pk": 17, "fields": {"app_label": "accounts", "model": "userprofile"}}, {"model": "contenttypes.contenttype", "pk": 18, "fields": {"app_label": "store", "model": "productgallery"}}, {"model": "contenttypes.contenttype", "pk": 19, "fields": {"app_label": "admin_honeypot", "model": "loginattempt"}}, {"model": "sessions.session", "pk": "0o2h6qcfo56ply2ma79x2ouao7l1gj67", "fields": {"session_data": "e30:1mwluK:KdvTCWXULiqMhmp8BTwtfwYbNJfhWrrUbMyhlx4_lY4", "expire_date": "2021-12-27T14:02:24.955Z"}}, {"model": "sessions.session", "pk": "0zv4cqwsiebrp455515z4zk0bqda211m", "fields": {"session_data": ".eJxVjMsOwiAQRf-FtSEw5eF06d5vIEMBiw8wha6M_65NutDtPeeeF3O09tmtLS4uBzYyYIffzdN0i2UD4UrlUvlUS1-y55vCd9r4uYZ4P-3uX2CmNn_fKWHycLRohEJE0GB9Ml4LktInoQjj5AFhAAhRW68o2AQyxKRAG2O3aIut5VpcLrm7nh-xdXo8HRulGdCC0VLwQQ9Ko3p_AFTmRgw:1my7lm:98ZlX4HOxOSCpGxQH4RWdp-yLLnLtXmvzd61oVVNCa0", "expire_date": "2021-12-31T07:35:10.356Z"}}, {"model": "sessions.session", "pk": "2bfpzqae72dhlghfgvge6zr4ebhfj52j", "fields": {"session_data": ".eJxVjMsOwiAQRf-FtSF0gAFcuvcbyPCSqoGktCvjv2uTLnR7zzn3xTxta_XbyIufEzszYKffLVB85LaDdKd26zz2ti5z4LvCDzr4taf8vBzu30GlUb81AsaYUAKaCKTyJIqSRmiyOgdrsAhTQlbJWTDgKEhCJ6WzVk9JWUL2_gDQwDcq:1mu7tO:F9ZzF1b3rHwA2YcCMNFz6WXU-k31vFOX0ed2DOgDRfU", "expire_date": "2021-12-20T06:54:30.690Z"}}, {"model": "sessions.session", "pk": "3qk9n9j5j76poei7h6aoygi6kja733hp", "fields": {"session_data": "e30:1mvfLM:yo7B5bFqx76Twtp4zXpKjDXV2gQs6Ni4A8V26Xttgmc", "expire_date": "2021-12-24T12:49:44.721Z"}}, {"model": "sessions.session", "pk": "6oq8vrkfilwpbiwmz6alkmss38nyjlhe", "fields": {"session_data": ".eJxVjDsOwyAQRO9CHSHABrwu0-cMaBdwTD4QGVxFuXtsyY270bw382WuxlpTyS7l1FxL71gbvj-OjdJ0YDsDveVbAg3DhTlc2-zWGheXAhuZ6tmpJPTPmHcSHpjvhfuS25KI7wo_aOW3EuLreringxnrvK0JrNRCedLohZaAdkAFBL03YLAjNCCmqNCoaZAUPGgtUEw6ApGNHbLfH0m2Rtk:1myAU7:nVdOqeWEtK2yXrU816EmLMshVFFCbrBs-Be1Dd2DTKw", "expire_date": "2021-12-31T10:29:07.695Z"}}, {"model": "sessions.session", "pk": "f5y42yo6yyfwoxhth0mu2h7exmrm0jqj", "fields": {"session_data": ".eJxVjDsOgzAQRO_iOrL8h6VMnzNYu7YJzsdE2FRR7h6QaOhG897Ml_maas1z8bnk5lt-p9rw_fFskE5DZ4zqFZdbNkpfmMe1TX6tafE5soEpw04lYXimspP4wHKfeZhLWzLxXeEHrfw2x_S6Hu7pYMI6bWuCTlqhAlkMwkrArkcFBCY4cKgJHYgxKXRq7CXFANYKFKNNQNQljez3By9lRrM:1myCOQ:Z-_EBSP9li4l8qypvcyDVZobsns8bykQNjvl1laZcUE", "expire_date": "2021-12-31T12:31:22.151Z"}}, {"model": "sessions.session", "pk": "hz1vqn2eiri9b3c3b0sh0y9boqj18qm8", "fields": {"session_data": "e30:1mvPYv:GVoYF7GVfWFV7q6drRtej2k42hoiWrT4WXdq1QuVGNE", "expire_date": "2021-12-23T19:58:41.130Z"}}, {"model": "sessions.session", "pk": "ry7nb7j0jeyvuu66bvojemabtuydbp30", "fields": {"session_data": "e30:1mvPZU:38xkfOTrsnl1aErTtV8d0xvLkxxe8Np5C8KYc8MPHnA", "expire_date": "2021-12-23T19:59:16.953Z"}}, {"model": "sessions.session", "pk": "z8wrll9ktadjf2wd5ws468ljz3pzhc79", "fields": {"session_data": "e30:1mx5b2:MzPNRVLzvOwLelEH8Lju-jkig8wGynWFdeqZRU6Ugu4", "expire_date": "2021-12-28T11:03:48.603Z"}}, {"model": "sessions.session", "pk": "zu7y7yxvgwzqwa4xr878j7lsw94sm1xv", "fields": {"session_data": ".eJxVjDsOwjAQBe_iGln24g9LSc8ZrF3bSwIoluKkQtwdIqWA9s3Me6lE6zKktdc5jUWdFajD78aUH3XaQLnTdGs6t2mZR9abonfa9bWV-rzs7t_BQH341iIoDKeIwThEBA-RJbA3ZC2LcYQ1MyAcAUr1kR2VKGBLFQc-hKjeH9xsN7M:1mwlWS:C0B-nJoZByaI0wiigPeN8QgeP35U44vvYbzUUiksH1I", "expire_date": "2021-12-27T13:37:44.420Z"}}, {"model": "accounts.account", "pk": 2, "fields": {"password": "pbkdf2_sha256$260000$y6DnusIUiWSC0tU7tYVTY7$D02f02IkQuSbEUCcuOxeymPKJtDUXNgYK8sEp+CDZwI=", "first_name": "Oybek", "last_name": "Yoriqulov", "username": "oybek", "email": "hhoybek@gmail.com", "phone_number": "+998901234567", "date_joined": "2021-12-06T06:54:21.603Z", "last_login": "2021-12-16T11:11:55.604Z", "is_admin": true, "is_staff": true, "is_active": true, "is_superadmin": true}}, {"model": "accounts.account", "pk": 24, "fields": {"password": "pbkdf2_sha256$260000$KDRJHNOCzniCLnsCkZusKD$lfRb6KOHQKvy+Rz1XHq2A4al0LhPvdILqR845t3Yk/Q=", "first_name": "John", "last_name": "Doe", "username": "91ad2a1f-18df-4e09-987a-329b2eb95515", "email": "john@gmail.com", "phone_number": "+998901234567", "date_joined": "2021-12-16T19:41:26.967Z", "last_login": "2021-12-17T12:31:19.643Z", "is_admin": false, "is_staff": false, "is_active": true, "is_superadmin": false}}, {"model": "accounts.userprofile", "pk": 5, "fields": {"user": 24, "address_line_1": "", "address_line_2": "", "profile_picture": "user_profile/default-user_XNd1T6c.png", "city": "", "state": "", "country": ""}}, {"model": "category.category", "pk": 1, "fields": {"name": "Shirts", "slug": "shirts", "description": "Lorem Ipsum is simply dummy text of the printing and typesetting industry. Lorem Ipsum has been the industry's standard dummy text ever since the 1500s, when an unknown printer took a galley of type and scrambled it to make a type specimen book. It has sur", "category_image": "images/category/shirts.jpg"}}, {"model": "category.category", "pk": 2, "fields": {"name": "Jackets", "slug": "jackets", "description": "", "category_image": "images/category/jackets.jpg"}}, {"model": "category.category", "pk": 3, "fields": {"name": "Jeans", "slug": "jeans", "description": "", "category_image": "images/category/jeans.jpg"}}, {"model": "category.category", "pk": 4, "fields": {"name": "Shoes", "slug": "shoes", "description": "", "category_image": "images/category/shoes.png"}}, {"model": "category.category", "pk": 5, "fields": {"name": "T shirts", "slug": "t-shirts", "description": "", "category_image": "images/category/tshirts.jpg"}}, {"model": "store.product", "pk": 1, "fields": {"name": "ATX-Jeans", "slug": "atx-jeans", "description": "Lorem Ipsum is simply dummy text of the printing and typesetting industry. Lorem Ipsum has been the industry's standard dummy text ever since the 1500s, when an unknown printer took a galley of type and scrambled it to make a type specimen book. It has sur", "price": 35, "image": "images/product/ATX-Jeans_QX0dTWt.jpg", "stock": -12, "is_available": true, "category": 3, "created_date": "2021-12-06T09:07:44.221Z", "modified_date": "2021-12-17T07:11:35.597Z"}}, {"model": "store.product", "pk": 2, "fields": {"name": "Blue Shirt", "slug": "blue-shirt", "description": "Lorem Ipsum is simply dummy text of the printing and typesetting industry. Lorem Ipsum has been the industry's standard dummy text ever since the 1500s, when an unknown printer took a galley of type and scrambled it to make a type specimen book. It has sur", "price": 89, "image": "images/product/Blue-Shirt_dZ3ebcq.jpg", "stock": 4, "is_available": true, "category": 1, "created_date": "2021-12-06T09:08:10.133Z", "modified_date": "2021-12-16T19:47:43.288Z"}}, {"model": "store.product", "pk": 3, "fields": {"name": "Great TShirt", "slug": "great-tshirt", "description": "Lorem Ipsum is simply dummy text of the printing and typesetting industry. Lorem Ipsum has been the industry's standard dummy text ever since the 1500s, when an unknown printer took a galley of type and scrambled it to make a type specimen book. It has sur", "price": 67, "image": "images/product/Great-Tshirt_XXd4MVU.jpg", "stock": 0, "is_available": true, "category": 5, "created_date": "2021-12-06T09:08:30.271Z", "modified_date": "2021-12-06T14:07:35.113Z"}}, {"model": "store.product", "pk": 4, "fields": {"name": "Mavi Jeans", "slug": "mavi-jeans", "description": "Lorem Ipsum is simply dummy text of the printing and typesetting industry. Lorem Ipsum has been the industry's standard dummy text ever since the 1500s, when an unknown printer took a galley of type and scrambled it to make a type specimen book. It has sur", "price": 56, "image": "images/product/Mavi_jeans_v4wW9wI.jpg", "stock": 3, "is_available": true, "category": 3, "created_date": "2021-12-06T09:08:52.765Z", "modified_date": "2021-12-06T09:08:52.765Z"}}, {"model": "store.product", "pk": 5, "fields": {"name": "Puma Ferrar Shoes", "slug": "puma-ferrar-shoes", "description": "Lorem Ipsum is simply dummy text of the printing and typesetting industry. Lorem Ipsum has been the industry's standard dummy text ever since the 1500s, when an unknown printer took a galley of type and scrambled it to make a type specimen book. It has sur", "price": 89, "image": "images/product/Puma-Ferrari-Shoes_q1YYCvD.jpg", "stock": 2, "is_available": true, "category": 4, "created_date": "2021-12-06T09:09:13.371Z", "modified_date": "2021-12-16T19:47:43.335Z"}}, {"model": "store.product", "pk": 6, "fields": {"name": "US Polo Assn Jacket", "slug": "us-polo-assn-jacket", "description": "Lorem Ipsum is simply dummy text of the printing and typesetting industry. Lorem Ipsum has been the industry's standard dummy text ever since the 1500s, when an unknown printer took a galley of type and scrambled it to make a type specimen book. It has sur", "price": 45, "image": "images/product/US-Polo-Assn_Jacket_ZFYa4S4.jpg", "stock": 5, "is_available": true, "category": 2, "created_date": "2021-12-06T09:09:35.908Z", "modified_date": "2021-12-06T09:09:35.908Z"}}, {"model": "store.product", "pk": 7, "fields": {"name": "Wrangler Shirt", "slug": "wrangler-shirt", "description": "Lorem Ipsum is simply dummy text of the printing and typesetting industry. Lorem Ipsum has been the industry's standard dummy text ever since the 1500s, when an unknown printer took a galley of type and scrambled it to make a type specimen book. It has sur", "price": 34, "image": "images/product/Wrangler-Shirt_S43vXOQ.jpg", "stock": 4, "is_available": true, "category": 1, "created_date": "2021-12-06T09:10:27.248Z", "modified_date": "2021-12-16T19:47:43.258Z"}}, {"model": "store.product", "pk": 8, "fields": {"name": "Basketball Shoes", "slug": "basketball-shoes", "description": "Lorem Ipsum is simply dummy text of the printing and typesetting industry. Lorem Ipsum has been the industry's standard dummy text ever since the 1500s, when an unknown printer took a galley of type and scrambled it to make a type specimen book. It has sur", "price": 87, "image": "images/product/jordan-true-flight-basketball-shoes.jpg", "stock": 5, "is_available": true, "category": 4, "created_date": "2021-12-06T09:10:55.260Z", "modified_date": "2021-12-06T09:10:55.260Z"}}, {"model": "store.variation", "pk": 25, "fields": {"product": 1, "category": "size", "value": "Small", "is_active": true, "created_at": "2021-12-08T08:34:17.486Z"}}, {"model": "store.variation", "pk": 26, "fields": {"product": 1, "category": "size", "value": "Medium", "is_active": true, "created_at": "2021-12-08T08:34:29.596Z"}}, {"model": "store.variation", "pk": 27, "fields": {"product": 1, "category": "color", "value": "Blue", "is_active": true, "created_at": "2021-12-08T08:34:38.996Z"}}, {"model": "store.variation", "pk": 28, "fields": {"product": 1, "category": "color", "value": "Red", "is_active": true, "created_at": "2021-12-08T08:34:47.723Z"}}, {"model": "store.variation", "pk": 29, "fields": {"product": 1, "category": "color", "value": "White", "is_active": true, "created_at": "2021-12-08T08:35:07.337Z"}}, {"model": "store.variation", "pk": 30, "fields": {"product": 1, "category": "size", "value": "Large", "is_active": true, "created_at": "2021-12-08T17:45:49.656Z"}}, {"model": "store.variation", "pk": 31, "fields": {"product": 2, "category": "size", "value": "Small", "is_active": true, "created_at": "2021-12-16T19:29:03.109Z"}}, {"model": "store.variation", "pk": 32, "fields": {"product": 2, "category": "size", "value": "Large", "is_active": true, "created_at": "2021-12-16T19:46:38.151Z"}}, {"model": "store.variation", "pk": 33, "fields": {"product": 2, "category": "color", "value": "Blue", "is_active": true, "created_at": "2021-12-16T19:29:26.647Z"}}, {"model": "store.variation", "pk": 34, "fields": {"product": 2, "category": "color", "value": "Green", "is_active": true, "created_at": "2021-12-16T19:29:36.387Z"}}, {"model": "store.variation", "pk": 35, "fields": {"product": 3, "category": "color", "value": "Black", "is_active": true, "created_at": "2021-12-16T19:43:24.292Z"}}, {"model": "store.variation", "pk": 36, "fields": {"product": 3, "category": "size", "value": "Medium", "is_active": true, "created_at": "2021-12-16T19:43:39.188Z"}}, {"model": "store.variation", "pk": 37, "fields": {"product": 4, "category": "color", "value": "Blue", "is_active": true, "created_at": "2021-12-16T19:43:57.583Z"}}, {"model": "store.variation", "pk": 38, "fields": {"product": 4, "category": "size", "value": "Small", "is_active": true, "created_at": "2021-12-16T19:44:04.900Z"}}, {"model": "store.variation", "pk": 39, "fields": {"product": 5, "category": "size", "value": "Small", "is_active": true, "created_at": "2021-12-16T19:44:16.255Z"}}, {"model": "store.variation", "pk": 40, "fields": {"product": 5, "category": "color", "value": "Grey", "is_active": true, "created_at": "2021-12-16T19:44:31.309Z"}}, {"model": "store.variation", "pk": 41, "fields": {"product": 6, "category": "size", "value": "Medium", "is_active": true, "created_at": "2021-12-16T19:44:43.577Z"}}, {"model": "store.variation", "pk": 42, "fields": {"product": 6, "category": "color", "value": "Brown", "is_active": true, "created_at": "2021-12-16T19:44:52.345Z"}}, {"model": "store.variation", "pk": 43, "fields": {"product": 7, "category": "color", "value": "Blue", "is_active": true, "created_at": "2021-12-16T19:45:04.045Z"}}, {"model": "store.variation", "pk": 44, "fields": {"product": 7, "category": "size", "value": "Medium", "is_active": true, "created_at": "2021-12-16T19:45:12.531Z"}}, {"model": "store.variation", "pk": 45, "fields": {"product": 8, "category": "color", "value": "White", "is_active": true, "created_at": "2021-12-16T19:45:25.801Z"}}, {"model": "store.variation", "pk": 46, "fields": {"product": 8, "category": "size", "value": "Medium", "is_active": true, "created_at": "2021-12-16T19:45:32.213Z"}}, {"model": "store.variation", "pk": 47, "fields": {"product": 8, "category": "size", "value": "Small", "is_active": true, "created_at": "2021-12-16T19:45:40.730Z"}}, {"model": "store.variation", "pk": 48, "fields": {"product": 7, "category": "color", "value": "Red", "is_active": true, "created_at": "2021-12-16T19:45:51.862Z"}}, {"model": "store.review", "pk": 4, "fields": {"product": 1, "user": 2, "subject": "not bad", "review": "it has good quality", "rating": 2.5, "ip": "127.0.0.1", "status": true, "created_at": "2021-12-16T11:14:16.968Z", "updated_at": "2021-12-16T12:07:02.121Z"}}, {"model": "store.productgallery", "pk": 1, "fields": {"product": 1, "image": "store/products/image2_1awO5sI.jpg"}}, {"model": "store.productgallery", "pk": 4, "fields": {"product": 1, "image": "store/products/image1_aEtEeYI_o5LfgPR.jpg"}}, {"model": "carts.cart", "pk": 84, "fields": {"cart_id": "6u1crwszmb4p4x1ef1hod191g1v5idbm", "date_added": "2021-12-14T10:43:42.408Z"}}, {"model": "carts.cart", "pk": 85, "fields": {"cart_id": "tzv776yfpltf8tzjy6q50s1r572uqt2r", "date_added": "2021-12-14T10:44:19.850Z"}}, {"model": "carts.cart", "pk": 86, "fields": {"cart_id": "5ed0wbtvq1fzunosb0pjyn68e8bv8uy5", "date_added": "2021-12-14T10:47:17.878Z"}}, {"model": "carts.cart", "pk": 87, "fields": {"cart_id": "c9uqinqk5jk64zp7qcu1o3sldpz76nk2", "date_added": "2021-12-14T10:58:21.049Z"}}, {"model": "carts.cart", "pk": 88, "fields": {"cart_id": "w4d55u4mazq5ayyl5v40ec8xxef1yo9z", "date_added": "2021-12-14T11:04:16.774Z"}}, {"model": "carts.cart", "pk": 89, "fields": {"cart_id": "ctvc9hb78emvsbm2r7vg17f9e8eyeti4", "date_added": "2021-12-14T11:04:51.987Z"}}, {"model": "carts.cart", "pk": 90, "fields": {"cart_id": "3bysbn83qs8hknuhs5vih0z575aihe4r", "date_added": "2021-12-14T11:05:35.895Z"}}, {"model": "carts.cart", "pk": 91, "fields": {"cart_id": "8r6mc8k4ofnib0jujb5eo2mvaq5m4kqa", "date_added": "2021-12-14T11:06:43.976Z"}}, {"model": "carts.cart", "pk": 92, "fields": {"cart_id": "irj91rxjs29hp912ib37yso51njbcbvv", "date_added": "2021-12-14T11:11:52.808Z"}}, {"model": "carts.cart", "pk": 93, "fields": {"cart_id": "8wjvini6v9kpe23u07l4ag1bgqqll9on", "date_added": "2021-12-14T11:12:06.479Z"}}, {"model": "carts.cart", "pk": 94, "fields": {"cart_id": "9ormfjgolhgixb153pahdwyjdfb1dajx", "date_added": "2021-12-14T11:12:34.527Z"}}, {"model": "carts.cart", "pk": 95, "fields": {"cart_id": "nkz635jp57z6ucirgrv47d0ty3l6keu8", "date_added": "2021-12-14T11:13:48.609Z"}}, {"model": "carts.cart", "pk": 96, "fields": {"cart_id": "3kwe8cim7nsdfywj6k5vs9usum7o5on2", "date_added": "2021-12-14T11:14:07.391Z"}}, {"model": "carts.cart", "pk": 97, "fields": {"cart_id": "o3fliwue9200e5thtwbkrizosxjyjrg1", "date_added": "2021-12-14T11:15:38.428Z"}}, {"model": "carts.cart", "pk": 98, "fields": {"cart_id": "8u26o44zj4il5uz9qq3ln0amxh3guxqw", "date_added": "2021-12-14T11:17:07.436Z"}}, {"model": "carts.cart", "pk": 99, "fields": {"cart_id": "188xpur7h5owbdlq7mu80x3pvelnu2e3", "date_added": "2021-12-14T11:17:30.614Z"}}, {"model": "carts.cart", "pk": 100, "fields": {"cart_id": "h1948ur3gp6fpm2amemidz071pbnwi39", "date_added": "2021-12-14T11:18:29.669Z"}}, {"model": "carts.cart", "pk": 101, "fields": {"cart_id": "2try44w3fpbkubb5xxfi8hm36hj94ri6", "date_added": "2021-12-14T11:18:39.729Z"}}, {"model": "carts.cart", "pk": 102, "fields": {"cart_id": "xqxxiquycieqhs14w4u6yc683i2pmbj2", "date_added": "2021-12-14T11:29:12.605Z"}}, {"model": "carts.cart", "pk": 103, "fields": {"cart_id": "v5axdxv4bwvyuxaobkor6b69cuzo1myj", "date_added": "2021-12-15T14:18:41.985Z"}}, {"model": "carts.cart", "pk": 104, "fields": {"cart_id": "1tc9vromrn5gyn6lujgmc2v8dpztm7p5", "date_added": "2021-12-16T10:34:52.901Z"}}, {"model": "carts.cart", "pk": 105, "fields": {"cart_id": "0rua07p8yd0kepwusa7u56c3pis80p4k", "date_added": "2021-12-16T11:11:48.020Z"}}, {"model": "carts.cart", "pk": 106, "fields": {"cart_id": "uxkrruhuq209a122h0s5x3pe1sme4dpi", "date_added": "2021-12-16T12:43:52.363Z"}}, {"model": "carts.cart", "pk": 107, "fields": {"cart_id": "h1xkzznoozach39t93d2e1xhqnlsm419", "date_added": "2021-12-16T18:45:45.236Z"}}, {"model": "carts.cart", "pk": 108, "fields": {"cart_id": "fo5a4hd9gbfuwqvzmi3qjzfcazzgd5w9", "date_added": "2021-12-16T18:47:58.078Z"}}, {"model": "carts.cart", "pk": 109, "fields": {"cart_id": "sc2vymxdyosjxi9qrppsu9bfvfirj3h0", "date_added": "2021-12-16T18:48:43.424Z"}}, {"model": "carts.cart", "pk": 110, "fields": {"cart_id": "qijvslxqj5vnwfbpq0m63yfy4bt4kzot", "date_added": "2021-12-16T19:37:39.174Z"}}, {"model": "carts.cart", "pk": 111, "fields": {"cart_id": "7m6m3v4gaymvjgomm61vrni0iyedecdo", "date_added": "2021-12-16T19:42:46.257Z"}}, {"model": "carts.cart", "pk": 112, "fields": {"cart_id": "58te8pqolzl9jqfazd1tesvyimwh1qbj", "date_added": "2021-12-16T19:59:27.865Z"}}, {"model": "carts.cart", "pk": 113, "fields": {"cart_id": "8ojdxk83niquq6tk33chw8ygzgmeu0k3", "date_added": "2021-12-16T21:01:58.740Z"}}, {"model": "carts.cart", "pk": 114, "fields": {"cart_id": "sy2nuie64li305iaqg4lf8lj65ycz07f", "date_added": "2021-12-17T07:29:46.958Z"}}, {"model": "carts.cart", "pk": 115, "fields": {"cart_id": "ms06wobuxxcaskmn17uz0lxjhici09h5", "date_added": "2021-12-17T07:31:19.201Z"}}, {"model": "carts.cart", "pk": 116, "fields": {"cart_id": "0emnnmag7egdk61mnyqsbgs1cwf182ut", "date_added": "2021-12-17T07:31:46.095Z"}}, {"model": "carts.cart", "pk": 117, "fields": {"cart_id": "g2w8kzbp6xmnbvyp6bbl8uxhgzne433l", "date_added": "2021-12-17T07:32:24.844Z"}}, {"model": "carts.cart", "pk": 118, "fields": {"cart_id": "zt1cdmof3nkbizotlz65hxdjw2sm3200", "date_added": "2021-12-17T12:31:14.147Z"}}, {"model": "carts.cartitem", "pk": 178, "fields": {"product": 1, "user": null, "cart": 84, "quantity": 1, "is_active": true, "variations": [25, 29]}}, {"model": "carts.cartitem", "pk": 181, "fields": {"product": 1, "user": null, "cart": 88, "quantity": 1, "is_active": true, "variations": [25, 29]}}, {"model": "carts.cartitem", "pk": 182, "fields": {"product": 1, "user": null, "cart": 89, "quantity": 1, "is_active": true, "variations": [25, 29]}}, {"model": "carts.cartitem", "pk": 183, "fields": {"product": 1, "user": null, "cart": 90, "quantity": 1, "is_active": true, "variations": [25, 29]}}, {"model": "carts.cartitem", "pk": 184, "fields": {"product": 1, "user": null, "cart": 91, "quantity": 1, "is_active": true, "variations": [25, 29]}}, {"model": "carts.cartitem", "pk": 185, "fields": {"product": 1, "user": null, "cart": 93, "quantity": 1, "is_active": true, "variations": [25, 29]}}, {"model": "carts.cartitem", "pk": 186, "fields": {"product": 1, "user": null, "cart": 96, "quantity": 1, "is_active": true, "variations": [25, 29]}}, {"model": "carts.cartitem", "pk": 187, "fields": {"product": 1, "user": null, "cart": 97, "quantity": 1, "is_active": true, "variations": [25, 29]}}, {"model": "carts.cartitem", "pk": 189, "fields": {"product": 1, "user": null, "cart": 101, "quantity": 1, "is_active": true, "variations": [25, 27]}}, {"model": "orders.payment", "pk": 23, "fields": {"payment_id": "43G23477RU393233D", "user": 24, "payment_method": "Paypal", "paid_amount": "739.5", "status": "COMPLETED", "created_at": "2021-12-16T19:47:43.200Z"}}, {"model": "orders.payment", "pk": 24, "fields": {"payment_id": "3JN3854142661890W", "user": 24, "payment_method": "Paypal", "paid_amount": "107.1", "status": "COMPLETED", "created_at": "2021-12-16T21:01:26.811Z"}}, {"model": "orders.payment", "pk": 25, "fields": {"payment_id": "67021561SW643884Y", "user": 24, "payment_method": "Paypal", "paid_amount": "35.7", "status": "COMPLETED", "created_at": "2021-12-17T07:11:35.554Z"}}, {"model": "orders.order", "pk": 39, "fields": {"user": null, "payment": null, "order_number": "2021121639", "first_name": "John", "last_name": "Doe", "phone_number": "+998901234567", "email": "hhoybek@gmail.com", "address_line_1": "18 Jefferson Lane", "address_line_2": "", "country": "USA", "state": "MA", "city": "Woburn", "order_note": "", "total": 107.1, "tax": 2.1, "status": "New", "ip": "127.0.0.1", "is_ordered": true, "created_at": "2021-12-16T19:19:59.064Z", "update_at": "2021-12-16T19:20:51.826Z"}}, {"model": "orders.order", "pk": 40, "fields": {"user": null, "payment": null, "order_number": "2021121640", "first_name": "John", "last_name": "Doe", "phone_number": "+998901234567", "email": "hhoybek@gmail.com", "address_line_1": "28 Gifford Street", "address_line_2": "", "country": "USA", "state": "NH", "city": "Bedford", "order_note": "", "total": 428.4, "tax": 8.4, "status": "New", "ip": "127.0.0.1", "is_ordered": true, "created_at": "2021-12-16T19:21:37.082Z", "update_at": "2021-12-16T19:22:14.168Z"}}, {"model": "orders.order", "pk": 41, "fields": {"user": null, "payment": null, "order_number": "2021121641", "first_name": "John", "last_name": "Doe", "phone_number": "+998901234567", "email": "hhoybek@gmail.com", "address_line_1": "12 United Brown", "address_line_2": "", "country": "USA", "state": "NH", "city": "South Hampton", "order_note": "", "total": 142.8, "tax": 2.8, "status": "New", "ip": "127.0.0.1", "is_ordered": true, "created_at": "2021-12-16T19:23:20.055Z", "update_at": "2021-12-16T19:23:57.589Z"}}, {"model": "orders.order", "pk": 42, "fields": {"user": 24, "payment": 23, "order_number": "2021121642", "first_name": "John", "last_name": "Doe", "phone_number": "+998901234567", "email": "hhoybek@gmail.com", "address_line_1": "33 Essex Circle", "address_line_2": "", "country": "USA", "state": "MA", "city": "Lexington", "order_note": "good.", "total": 739.5, "tax": 14.5, "status": "New", "ip": "127.0.0.1", "is_ordered": true, "created_at": "2021-12-16T19:47:18.152Z", "update_at": "2021-12-16T19:47:43.209Z"}}, {"model": "orders.order", "pk": 43, "fields": {"user": 24, "payment": 24, "order_number": "2021121643", "first_name": "John", "last_name": "Doe", "phone_number": "+998901234567", "email": "hhoybek@gmail.com", "address_line_1": "33 Essex Circle", "address_line_2": "", "country": "USA", "state": "MA", "city": "Lexington", "order_note": "", "total": 107.1, "tax": 2.1, "status": "New", "ip": "127.0.0.1", "is_ordered": true, "created_at": "2021-12-16T21:00:58.773Z", "update_at": "2021-12-16T21:01:26.819Z"}}, {"model": "orders.order", "pk": 44, "fields": {"user": 24, "payment": 25, "order_number": "2021121744", "first_name": "John", "last_name": "Doe", "phone_number": "+998901234567", "email": "hhoybek@gmail.com", "address_line_1": "28 Gifford Street", "address_line_2": "", "country": "USA", "state": "NH", "city": "Bedford", "order_note": "", "total": 35.7, "tax": 0.7, "status": "New", "ip": "127.0.0.1", "is_ordered": true, "created_at": "2021-12-17T07:10:55.428Z", "update_at": "2021-12-17T07:11:35.560Z"}}, {"model": "orders.orderproduct", "pk": 31, "fields": {"order": 42, "payment": 23, "user": 24, "product": 7, "product_quantity": 3, "product_price": 34.0, "ordered": true, "created_at": "2021-12-16T19:47:43.226Z", "updated_at": "2021-12-16T19:47:43.252Z", "variations": [48, 44]}}, {"model": "orders.orderproduct", "pk": 32, "fields": {"order": 42, "payment": 23, "user": 24, "product": 2, "product_quantity": 2, "product_price": 89.0, "ordered": true, "created_at": "2021-12-16T19:47:43.264Z", "updated_at": "2021-12-16T19:47:43.284Z", "variations": [32, 33]}}, {"model": "orders.orderproduct", "pk": 33, "fields": {"order": 42, "payment": 23, "user": 24, "product": 5, "product_quantity": 5, "product_price": 89.0, "ordered": true, "created_at": "2021-12-16T19:47:43.295Z", "updated_at": "2021-12-16T19:47:43.328Z", "variations": [40, 39]}}, {"model": "orders.orderproduct", "pk": 34, "fields": {"order": 43, "payment": 24, "user": 24, "product": 1, "product_quantity": 3, "product_price": 35.0, "ordered": true, "created_at": "2021-12-16T21:01:26.836Z", "updated_at": "2021-12-16T21:01:26.891Z", "variations": [25, 28]}}, {"model": "orders.orderproduct", "pk": 35, "fields": {"order": 44, "payment": 25, "user": 24, "product": 1, "product_quantity": 1, "product_price": 35.0, "ordered": true, "created_at": "2021-12-17T07:11:35.574Z", "updated_at": "2021-12-17T07:11:35.593Z", "variations": [25, 29]}}, {"model": "admin_honeypot.loginattempt", "pk": 1, "fields": {"username": "hhoybek@gmail.com", "ip_address": "127.0.0.1", "session_key": "gksitj0qdgo43mzwyxnzfrrp813a37w2", "user_agent": "Mozilla/5.0 (X11; Linux x86_64) AppleWebKit/537.36 (KHTML, like Gecko) Chrome/88.0.4324.150 Safari/537.36", "timestamp": "2021-12-17T07:24:51.192Z", "path": "/admin/login/?next=/admin/"}}]